GRAPHS(reac/Pt or Eta/Analysis/track side/trigger/event plane),reac,NtrkMin,NtrkMax,PtMin,PtMax,EtaMin (p to -eta),EtaMax,EtaRef,EPSide,EPOrder,POI,Analysis,AnalType,MarkerColor,MarkerStyle,MarkerSize,Reference
PbPbEtaCum4120,PbPb,120,150,0.3,6,-2.4,2.4,lab,-,2,-,Cum4,Eta,kTeal-1,29,2,This Report
PbPbEtaCum4150,PbPb,150,185,0.3,6,-2.4,2.4,lab,-,2,-,Cum4,Eta,kTeal-1,29,2,This Report
PbPbEtaCum4185,PbPb,185,220,0.3,6,-2.4,2.4,lab,-,2,-,Cum4,Eta,kTeal-1,29,2,This Report
PbPbEtaCum4220,PbPb,220,260,0.3,6,-2.4,2.4,lab,-,2,-,Cum4,Eta,kTeal-1,29,2,This Report
PbPbEtaCum6120,PbPb,120,150,0.3,6,-2.4,2.4,lab,-,2,-,Cum6,Eta,kBlue,34,1.4,This Report
PbPbEtaCum6150,PbPb,150,185,0.3,6,-2.4,2.4,lab,-,2,-,Cum6,Eta,kBlue,34,1.4,This Report
PbPbEtaCum6185,PbPb,185,220,0.3,6,-2.4,2.4,lab,-,2,-,Cum6,Eta,kBlue,34,1.4,This Report
PbPbEtaCum6220,PbPb,220,260,0.3,6,-2.4,2.4,lab,-,2,-,Cum6,Eta,kBlue,34,1.4,This Report
PbPbEtaCum8120,PbPb,120,150,0.3,6,-2.4,2.4,lab,-,2,-,Cum8,Eta,kCyan +1,33,2.2,This Report
PbPbEtaCum8150,PbPb,150,185,0.3,6,-2.4,2.4,lab,-,2,-,Cum8,Eta,kCyan +1,33,2.2,This Report
PbPbEtaCum8185,PbPb,185,220,0.3,6,-2.4,2.4,lab,-,2,-,Cum8,Eta,kCyan +1,33,2.2,This Report
PbPbEtaCum8220,PbPb,220,260,0.3,6,-2.4,2.4,lab,-,2,-,Cum8,Eta,kCyan +1,33,2.2,This Report
PbPbEtaEP120HFplus,PbPb,120,150,0.3,3,-2.4,2.4,lab,HFplus,2,0,EP,Eta,kBlue,24,1.4,This Report
PbPbEtaEP150HFplus,PbPb,150,185,0.3,3,-2.4,2.4,lab,HFplus,2,0,EP,Eta,kBlue,24,1.4,This Report
PbPbEtaEP185HFPplus,PbPb,185,220,0.3,3,-2.4,2.4,lab,HFplus,2,0,EP,Eta,kBlue,24,1.4,This Report
PbPbEtaEP220HFplus,PbPb,220,260,0.3,3,-2.4,2.4,lab,HFplus,2,0,EP,Eta,kBlue,24,1.4,This Report
PbPbEtaEP260HFplus,PbPb,260,300,0.3,3,-2.4,2.4,lab,HFplus,2,0,EP,Eta,kBlue,24,1.4,This Report
PbPbEtaEP120HFminus,PbPb,120,150,0.3,3,-2.4,2.4,lab,HFminus,2,0,EP,Eta,kRed,24,1.4,This Report
PbPbEtaEP150HFminus,PbPb,150,185,0.3,3,-2.4,2.4,lab,HFminus,2,0,EP,Eta,kRed,24,1.4,This Report
PbPbEtaEP185HFPminus,PbPb,185,220,0.3,3,-2.4,2.4,lab,HFminus,2,0,EP,Eta,kRed,24,1.4,This Report
PbPbEtaEP220HFminus,PbPb,220,260,0.3,3,-2.4,2.4,lab,HFminus,2,0,EP,Eta,kRed,24,1.4,This Report
PbPbEtaEP260HFminus,PbPb,260,300,0.3,3,-2.4,2.4,lab,HFminus,2,0,EP,Eta,kRed,24,1.4,This Report
PbPbEtaEPfull120HFfar,PbPb,120,150,0.3,3,-2.4,2.4,lab,far,2,0,EP,Eta,kRed,24,1.4,This Report
PbPbEtaEPfull150HFfar,PbPb,150,185,0.3,3,-2.4,2.4,lab,far,2,0,EP,Eta,kRed,24,1.4,This Report
PbPbEtaEPfull185HFPfar,PbPb,185,220,0.3,3,-2.4,2.4,lab,far,2,0,EP,Eta,kRed,24,1.4,This Report
PbPbEtaEPfull220HFfar,PbPb,220,260,0.3,3,-2.4,2.4,lab,far,2,0,EP,Eta,kRed,24,1.4,This Report
PbPbEtaEPfull260HFfar,PbPb,260,300,0.3,3,-2.4,2.4,lab,far,2,0,EP,Eta,kRed,24,1.4,This Report
PbPbEtaEPfull120HFfarPOI,PbPb,120,150,0.3,3,-2.4,2.4,lab,far,2,POI,EP,Eta,kBlue,20,1.4,This Report
PbPbEtaEPfull150HFfarPOI,PbPb,150,185,0.3,3,-2.4,2.4,lab,far,2,POI,EP,Eta,kBlue,20,1.4,This Report
PbPbEtaEPfull185HFPfarPOI,PbPb,185,220,0.3,3,-2.4,2.4,lab,far,2,POI,EP,Eta,kBlue,20,1.4,This Report
PbPbEtaEPfull220HFfarPOI,PbPb,220,260,0.3,3,-2.4,2.4,lab,far,2,POI,EP,Eta,kBlue,20,1.4,This Report
PbPbEtaEPfull260HFfarPOI,PbPb,260,300,0.3,3,-2.4,2.4,lab,far,2,POI,EP,Eta,kBlue,20,1.4,This Report
PbPbEtaEP120HFplusPOI,PbPb,120,150,0.3,3,-2.4,2.4,lab,HFplus,2,POI,EP,Eta,kBlue,20,1.4,This Report
PbPbEtaEP150HFplusPOI,PbPb,150,185,0.3,3,-2.4,2.4,lab,HFplus,2,POI,EP,Eta,kBlue,20,1.4,This Report
PbPbEtaEP185HFPplusPOI,PbPb,185,220,0.3,3,-2.4,2.4,lab,HFplus,2,POI,EP,Eta,kBlue,20,1.4,This Report
PbPbEtaEP220HFplusPOI,PbPb,220,260,0.3,3,-2.4,2.4,lab,HFplus,2,POI,EP,Eta,kBlue,20,1.4,This Report
PbPbEtaEP260HFplusPOI,PbPb,260,300,0.3,3,-2.4,2.4,lab,HFplus,2,POI,EP,Eta,kBlue,20,1.4,This Report
PbPbEtaEP120HFminusPOI,PbPb,120,150,0.3,3,-2.4,2.4,lab,HFminus,2,POI,EP,Eta,kRed,20,1.4,This Report
PbPbEtaEP150HFminusPOI,PbPb,150,185,0.3,3,-2.4,2.4,lab,HFminus,2,POI,EP,Eta,kRed,20,1.4,This Report
PbPbEtaEP185HFPminusPOI,PbPb,185,220,0.3,3,-2.4,2.4,lab,HFminus,2,POI,EP,Eta,kRed,20,1.4,This Report
PbPbEtaEP220HFminusPOI,PbPb,220,260,0.3,3,-2.4,2.4,lab,HFminus,2,POI,EP,Eta,kRed,20,1.4,This Report
PbPbEtaEP260HFminusPOI,PbPb,260,300,0.3,3,-2.4,2.4,lab,HFminus,2,POI,EP,Eta,kRed,20,1.4,This Report
PbPbEtaEP120HFplusv3,PbPb,120,150,0.3,3,-2.4,2.4,lab,HFplus,3,0,EP,Eta,kRed,24,1.4,This Report
PbPbEtaEP150HFplusv3,PbPb,150,185,0.3,3,-2.4,2.4,lab,HFplus,3,0,EP,Eta,kRed,24,1.4,This Report
PbPbEtaEP185HFPplusv3,PbPb,185,220,0.3,3,-2.4,2.4,lab,HFplus,3,0,EP,Eta,kRed,24,1.4,This Report
PbPbEtaEP220HFplusv3,PbPb,220,260,0.3,3,-2.4,2.4,lab,HFplus,3,0,EP,Eta,kRed,24,1.4,This Report
PbPbEtaEP260HFplusv3,PbPb,260,300,0.3,3,-2.4,2.4,lab,HFplus,3,0,EP,Eta,kRed,24,1.4,This Report
PbPbEtaEP120HFminusv3,PbPb,120,150,0.3,3,-2.4,2.4,lab,HFminus,3,0,EP,Eta,kRed,24,1.4,This Report
PbPbEtaEP150HFminusv3,PbPb,150,185,0.3,3,-2.4,2.4,lab,HFminus,3,0,EP,Eta,kRed,24,1.4,This Report
PbPbEtaEP185HFPminusv3,PbPb,185,220,0.3,3,-2.4,2.4,lab,HFminus,3,0,EP,Eta,kRed,24,1.4,This Report
PbPbEtaEP220HFminusv3,PbPb,220,260,0.3,3,-2.4,2.4,lab,HFminus,3,0,EP,Eta,kRed,24,1.4,This Report
PbPbEtaEP260HFminusv3,PbPb,260,300,0.3,3,-2.4,2.4,lab,HFminus,3,0,EP,Eta,kRed,24,1.4,This Report
PbPbEtaEP120HFplusPOIv3,PbPb,120,150,0.3,3,-2.4,2.4,lab,HFplus,3,POI,EP,Eta,kBlue,20,1.4,This Report
PbPbEtaEP150HFplusPOIv3,PbPb,150,185,0.3,3,-2.4,2.4,lab,HFplus,3,POI,EP,Eta,kBlue,20,1.4,This Report
PbPbEtaEP185HFPplusPOIv3,PbPb,185,220,0.3,3,-2.4,2.4,lab,HFplus,3,POI,EP,Eta,kBlue,20,1.4,This Report
PbPbEtaEP220HFplusPOIv3,PbPb,220,260,0.3,3,-2.4,2.4,lab,HFplus,3,POI,EP,Eta,kBlue,20,1.4,This Report
PbPbEtaEP260HFplusPOIv3,PbPb,260,300,0.3,3,-2.4,2.4,lab,HFplus,3,POI,EP,Eta,kBlue,20,1.4,This Report
PbPbEtaEP120HFminusPOIv3,PbPb,120,150,0.3,3,-2.4,2.4,lab,HFminus,3,POI,EP,Eta,kBlue,20,1.4,This Report
PbPbEtaEP150HFminusPOIv3,PbPb,150,185,0.3,3,-2.4,2.4,lab,HFminus,3,POI,EP,Eta,kBlue,20,1.4,This Report
PbPbEtaEP185HFPminusPOIv3,PbPb,185,220,0.3,3,-2.4,2.4,lab,HFminus,3,POI,EP,Eta,kBlue,20,1.4,This Report
PbPbEtaEP220HFminusPOIv3,PbPb,220,260,0.3,3,-2.4,2.4,lab,HFminus,3,POI,EP,Eta,kBlue,20,1.4,This Report
PbPbEtaEP260HFminusPOIv3,PbPb,260,300,0.3,3,-2.4,2.4,lab,HFminus,3,POI,EP,Eta,kBlue,20,1.4,This Report
PbPbEtaEPfull120HFfarPOIv3,PbPb,120,150,0.3,3,-2.4,2.4,lab,far,3,POI,EP,Eta,kBlue,24,1.4,This Report
PbPbEtaEPfull150HFfarPOIv3,PbPb,150,185,0.3,3,-2.4,2.4,lab,far,3,POI,EP,Eta,kBlue,24,1.4,This Report
PbPbEtaEPfull185HFPfarPOIv3,PbPb,185,220,0.3,3,-2.4,2.4,lab,far,3,POI,EP,Eta,kBlue,24,1.4,This Report
PbPbEtaEPfull220HFfarPOIv3,PbPb,220,260,0.3,3,-2.4,2.4,lab,far,3,POI,EP,Eta,kBlue,24,1.4,This Report
PbPbEtaEPfull260HFfarPOIv3,PbPb,260,300,0.3,3,-2.4,2.4,lab,far,3,POI,EP,Eta,kBlue,24,1.4,This Report
PbPbEtaLYZ120,PbPb,120,150,0.3,6,-2.4,2.4,lab,-,2,-,LYZ,Eta,kGreen+3,20,1.4,This Report
PbPbEtaLYZ150,PbPb,150,185,0.3,6,-2.4,2.4,lab,-,2,-,LYZ,Eta,kGreen+3,20,1.4,This Report
PbPbEtaLYZ185,PbPb,185,220,0.3,6,-2.4,2.4,lab,-,2,-,LYZ,Eta,kGreen+3,20,1.4,This Report
PbPbEtaLYZ220,PbPb,220,260,0.3,6,-2.4,2.4,lab,-,2,-,LYZ,Eta,kGreen+3,20,1.4,This Report
PbPbEtaSPfull120HFfar,PbPb,120,150,0.3,3,-2.4,2.4,lab,far,2,0,SP,Eta,kRed,24,1.4,This Report
PbPbEtaSPfull150HFfar,PbPb,150,185,0.3,3,-2.4,2.4,lab,far,2,0,SP,Eta,kRed,24,1.4,This Report
PbPbEtaSPfull185HFPfar,PbPb,185,220,0.3,3,-2.4,2.4,lab,far,2,0,SP,Eta,kRed,24,1.4,This Report
PbPbEtaSPfull220HFfar,PbPb,220,260,0.3,3,-2.4,2.4,lab,far,2,0,SP,Eta,kRed,24,1.4,This Report
PbPbEtaSPfull260HFfar,PbPb,260,300,0.3,3,-2.4,2.4,lab,far,2,0,SP,Eta,kRed,24,1.4,This Report
PbPbEtaSPfull120HFfarPOI,PbPb,120,150,0.3,3,-2.4,2.4,lab,far,2,POI,SP,Eta,kBlue,20,1.4,This Report
PbPbEtaSPfull150HFfarPOI,PbPb,150,185,0.3,3,-2.4,2.4,lab,far,2,POI,SP,Eta,kBlue,20,1.4,This Report
PbPbEtaSPfull185HFPfarPOI,PbPb,185,220,0.3,3,-2.4,2.4,lab,far,2,POI,SP,Eta,kBlue,20,1.4,This Report
PbPbEtaSPfull220HFfarPOI,PbPb,220,260,0.3,3,-2.4,2.4,lab,far,2,POI,SP,Eta,kBlue,20,1.4,This Report
PbPbEtaSPfull260HFfarPOI,PbPb,260,300,0.3,3,-2.4,2.4,lab,far,2,POI,SP,Eta,kBlue,20,1.4,This Report
PbPbEtaSP120HFplus,PbPb,120,150,0.3,3,-2.4,2.4,lab,HFplus,2,0,SP,Eta,kBlue,24,1.4,This Report
PbPbEtaSP150HFplus,PbPb,150,185,0.3,3,-2.4,2.4,lab,HFplus,2,0,SP,Eta,kBlue,24,1.4,This Report
PbPbEtaSP185HFPplus,PbPb,185,220,0.3,3,-2.4,2.4,lab,HFplus,2,0,SP,Eta,kBlue,24,1.4,This Report
PbPbEtaSP220HFplus,PbPb,220,260,0.3,3,-2.4,2.4,lab,HFplus,2,0,SP,Eta,kBlue,24,1.4,This Report
PbPbEtaSP260HFplus,PbPb,260,300,0.3,3,-2.4,2.4,lab,HFplus,2,0,SP,Eta,kBlue,24,1.4,This Report
PbPbEtaSP120HFminus,PbPb,120,150,0.3,3,-2.4,2.4,lab,HFminus,2,0,SP,Eta,kRed,24,1.4,This Report
PbPbEtaSP150HFminus,PbPb,150,185,0.3,3,-2.4,2.4,lab,HFminus,2,0,SP,Eta,kRed,24,1.4,This Report
PbPbEtaSP185HFPminus,PbPb,185,220,0.3,3,-2.4,2.4,lab,HFminus,2,0,SP,Eta,kRed,24,1.4,This Report
PbPbEtaSP220HFminus,PbPb,220,260,0.3,3,-2.4,2.4,lab,HFminus,2,0,SP,Eta,kRed,24,1.4,This Report
PbPbEtaSP260HFminus,PbPb,260,300,0.3,3,-2.4,2.4,lab,HFminus,2,0,SP,Eta,kRed,24,1.4,This Report
PbPbEtaSP120HFplusPOI,PbPb,120,150,0.3,3,-2.4,2.4,lab,HFplus,2,POI,SP,Eta,kBlue,20,1.4,This Report
PbPbEtaSP150HFplusPOI,PbPb,150,185,0.3,3,-2.4,2.4,lab,HFplus,2,POI,SP,Eta,kBlue,20,1.4,This Report
PbPbEtaSP185HFPplusPOI,PbPb,185,220,0.3,3,-2.4,2.4,lab,HFplus,2,POI,SP,Eta,kBlue,20,1.4,This Report
PbPbEtaSP220HFplusPOI,PbPb,220,260,0.3,3,-2.4,2.4,lab,HFplus,2,POI,SP,Eta,kBlue,20,1.4,This Report
PbPbEtaSP260HFplusPOI,PbPb,260,300,0.3,3,-2.4,2.4,lab,HFplus,2,POI,SP,Eta,kBlue,20,1.4,This Report
PbPbEtaSP120HFminusPOI,PbPb,120,150,0.3,3,-2.4,2.4,lab,HFminus,2,POI,SP,Eta,kRed,20,1.4,This Report
PbPbEtaSP150HFminusPOI,PbPb,150,185,0.3,3,-2.4,2.4,lab,HFminus,2,POI,SP,Eta,kRed,20,1.4,This Report
PbPbEtaSP185HFPminusPOI,PbPb,185,220,0.3,3,-2.4,2.4,lab,HFminus,2,POI,SP,Eta,kRed,20,1.4,This Report
PbPbEtaSP220HFminusPOI,PbPb,220,260,0.3,3,-2.4,2.4,lab,HFminus,2,POI,SP,Eta,kRed,20,1.4,This Report
PbPbEtaSP260HFminusPOI,PbPb,260,300,0.3,3,-2.4,2.4,lab,HFminus,2,POI,SP,Eta,kRed,20,1.4,This Report
PbPbEtaSPfull120HFfarPOIv3,PbPb,120,150,0.3,3,-2.4,2.4,lab,far,3,POI,SP,Eta,kBlue,24,1.4,This Report
PbPbEtaSPfull150HFfarPOIv3,PbPb,150,185,0.3,3,-2.4,2.4,lab,far,3,POI,SP,Eta,kBlue,24,1.4,This Report
PbPbEtaSPfull185HFPfarPOIv3,PbPb,185,220,0.3,3,-2.4,2.4,lab,far,3,POI,SP,Eta,kBlue,24,1.4,This Report
PbPbEtaSPfull220HFfarPOIv3,PbPb,220,260,0.3,3,-2.4,2.4,lab,far,3,POI,SP,Eta,kBlue,24,1.4,This Report
PbPbEtaSPfull260HFfarPOIv3,PbPb,260,300,0.3,3,-2.4,2.4,lab,far,3,POI,SP,Eta,kBlue,24,1.4,This Report
PbPbEtaSP120HFplusv3,PbPb,120,150,0.3,3,-2.4,2.4,lab,HFplus,3,0,SP,Eta,kRed,24,1.4,This Report
PbPbEtaSP150HFplusv3,PbPb,150,185,0.3,3,-2.4,2.4,lab,HFplus,3,0,SP,Eta,kRed,24,1.4,This Report
PbPbEtaSP185HFPplusv3,PbPb,185,220,0.3,3,-2.4,2.4,lab,HFplus,3,0,SP,Eta,kRed,24,1.4,This Report
PbPbEtaSP220HFplusv3,PbPb,220,260,0.3,3,-2.4,2.4,lab,HFplus,3,0,SP,Eta,kRed,24,1.4,This Report
PbPbEtaSP260HFplusv3,PbPb,260,300,0.3,3,-2.4,2.4,lab,HFplus,3,0,SP,Eta,kRed,24,1.4,This Report
PbPbEtaSP120HFminusv3,PbPb,120,150,0.3,3,-2.4,2.4,lab,HFminus,3,0,SP,Eta,kRed,24,1.4,This Report
PbPbEtaSP150HFminusv3,PbPb,150,185,0.3,3,-2.4,2.4,lab,HFminus,3,0,SP,Eta,kRed,24,1.4,This Report
PbPbEtaSP185HFPminusv3,PbPb,185,220,0.3,3,-2.4,2.4,lab,HFminus,3,0,SP,Eta,kRed,24,1.4,This Report
PbPbEtaSP220HFminusv3,PbPb,220,260,0.3,3,-2.4,2.4,lab,HFminus,3,0,SP,Eta,kRed,24,1.4,This Report
PbPbEtaSP260HFminusv3,PbPb,260,300,0.3,3,-2.4,2.4,lab,HFminus,3,0,SP,Eta,kRed,24,1.4,This Report
PbPbEtaSP120HFplusPOIv3,PbPb,120,150,0.3,3,-2.4,2.4,lab,HFplus,3,POI,SP,Eta,kBlue,20,1.4,This Report
PbPbEtaSP150HFplusPOIv3,PbPb,150,185,0.3,3,-2.4,2.4,lab,HFplus,3,POI,SP,Eta,kBlue,20,1.4,This Report
PbPbEtaSP185HFPplusPOIv3,PbPb,185,220,0.3,3,-2.4,2.4,lab,HFplus,3,POI,SP,Eta,kBlue,20,1.4,This Report
PbPbEtaSP220HFplusPOIv3,PbPb,220,260,0.3,3,-2.4,2.4,lab,HFplus,3,POI,SP,Eta,kBlue,20,1.4,This Report
PbPbEtaSP260HFplusPOIv3,PbPb,260,300,0.3,3,-2.4,2.4,lab,HFplus,3,POI,SP,Eta,kBlue,20,1.4,This Report
PbPbEtaSP120HFminusPOIv3,PbPb,120,150,0.3,3,-2.4,2.4,lab,HFminus,3,POI,SP,Eta,kBlue,20,1.4,This Report
PbPbEtaSP150HFminusPOIv3,PbPb,150,185,0.3,3,-2.4,2.4,lab,HFminus,3,POI,SP,Eta,kBlue,20,1.4,This Report
PbPbEtaSP185HFPminusPOIv3,PbPb,185,220,0.3,3,-2.4,2.4,lab,HFminus,3,POI,SP,Eta,kBlue,20,1.4,This Report
PbPbEtaSP220HFminusPOIv3,PbPb,220,260,0.3,3,-2.4,2.4,lab,HFminus,3,POI,SP,Eta,kBlue,20,1.4,This Report
PbPbEtaSP260HFminusPOIv3,PbPb,260,300,0.3,3,-2.4,2.4,lab,HFminus,3,POI,SP,Eta,kBlue,20,1.4,This Report
pPbEtaCum4120,pPb,120,150,0.3,6,-2.4,2.4,lab,-,2,-,Cum4,Eta,kTeal-1,29,2,This Report
pPbEtaCum4150,pPb,150,185,0.3,6,-2.4,2.4,lab,-,2,-,Cum4,Eta,kTeal-1,29,2,This Report
pPbEtaCum4185,pPb,185,220,0.3,6,-2.4,2.4,lab,-,2,-,Cum4,Eta,kTeal-1,29,2,This Report
pPbEtaCum4220,pPb,220,260,0.3,6,-2.4,2.4,lab,-,2,-,Cum4,Eta,kTeal-1,29,2,This Report
pPbEtaCum6120,pPb,120,150,0.3,6,-2.4,2.4,lab,-,2,-,Cum6,Eta,kBlue,34,1.4,This Report
pPbEtaCum6150,pPb,150,185,0.3,6,-2.4,2.4,lab,-,2,-,Cum6,Eta,kBlue,34,1.4,This Report
pPbEtaCum6185,pPb,185,220,0.3,6,-2.4,2.4,lab,-,2,-,Cum6,Eta,kBlue,34,1.4,This Report
pPbEtaCum6220,pPb,220,260,0.3,6,-2.4,2.4,lab,-,2,-,Cum6,Eta,kBlue,34,1.4,This Report
pPbEtaEP120HFp,pPb,120,150,0.3,3,-2.4,2.4,lab,HFp,2,0,EP,Eta,kBlue,24,1.4,This Report
pPbEtaEP150HFp,pPb,150,185,0.3,3,-2.4,2.4,lab,HFp,2,0,EP,Eta,kBlue,24,1.4,This Report
pPbEtaEP185HFp,pPb,185,220,0.3,3,-2.4,2.4,lab,HFp,2,0,EP,Eta,kBlue,24,1.4,This Report
pPbEtaEP220HFp,pPb,220,260,0.3,3,-2.4,2.4,lab,HFp,2,0,EP,Eta,kBlue,24,1.4,This Report
pPbEtaEP260HFp,pPb,260,300,0.3,3,-2.4,2.4,lab,HFp,2,0,EP,Eta,kBlue,24,1.4,This Report
pPbEtaEP120HFPb,pPb,120,150,0.3,3,-2.4,2.4,lab,HFPb,2,0,EP,Eta,kRed,24,1.4,This Report
pPbEtaEP150HFPb,pPb,150,185,0.3,3,-2.4,2.4,lab,HFPb,2,0,EP,Eta,kRed,24,1.4,This Report
pPbEtaEP185HFPb,pPb,185,220,0.3,3,-2.4,2.4,lab,HFPb,2,0,EP,Eta,kRed,24,1.4,This Report
pPbEtaEP220HFPb,pPb,220,260,0.3,3,-2.4,2.4,lab,HFPb,2,0,EP,Eta,kRed,24,1.4,This Report
pPbEtaEP260HFPb,pPb,260,300,0.3,3,-2.4,2.4,lab,HFPb,2,0,EP,Eta,kRed,24,1.4,This Report
pPbEtaEPfull120HFfar,pPb,120,150,0.3,3,-2.4,2.4,lab,far,2,0,EP,Eta,kRed,24,1.4,This Report
pPbEtaEPfull150HFfar,pPb,150,185,0.3,3,-2.4,2.4,lab,far,2,0,EP,Eta,kRed,24,1.4,This Report
pPbEtaEPfull185HFfar,pPb,185,220,0.3,3,-2.4,2.4,lab,far,2,0,EP,Eta,kRed,24,1.4,This Report
pPbEtaEPfull220HFfar,pPb,220,260,0.3,3,-2.4,2.4,lab,far,2,0,EP,Eta,kRed,24,1.4,This Report
pPbEtaEPfull260HFfar,pPb,260,300,0.3,3,-2.4,2.4,lab,far,2,0,EP,Eta,kRed,24,1.4,This Report
pPbEtaEPfull120HFfarPOI,pPb,120,150,0.3,3,-2.4,2.4,lab,far,2,POI,EP,Eta,kBlue,20,1.4,This Report
pPbEtaEPfull150HFfarPOI,pPb,150,185,0.3,3,-2.4,2.4,lab,far,2,POI,EP,Eta,kBlue,20,1.4,This Report
pPbEtaEPfull185HFfarPOI,pPb,185,220,0.3,3,-2.4,2.4,lab,far,2,POI,EP,Eta,kBlue,20,1.4,This Report
pPbEtaEPfull220HFfarPOI,pPb,220,260,0.3,3,-2.4,2.4,lab,far,2,POI,EP,Eta,kBlue,20,1.4,This Report
pPbEtaEPfull260HFfarPOI,pPb,260,300,0.3,3,-2.4,2.4,lab,far,2,POI,EP,Eta,kBlue,20,1.4,This Report
pPbEtaEP120HFpPOI,pPb,120,150,0.3,3,-2.4,2.4,lab,HFp,2,POI,EP,Eta,kBlue,20,1.4,This Report
pPbEtaEP150HFpPOI,pPb,150,185,0.3,3,-2.4,2.4,lab,HFp,2,POI,EP,Eta,kBlue,20,1.4,This Report
pPbEtaEP185HFpPOI,pPb,185,220,0.3,3,-2.4,2.4,lab,HFp,2,POI,EP,Eta,kBlue,20,1.4,This Report
pPbEtaEP220HFpPOI,pPb,220,260,0.3,3,-2.4,2.4,lab,HFp,2,POI,EP,Eta,kBlue,20,1.4,This Report
pPbEtaEP260HFpPOI,pPb,260,300,0.3,3,-2.4,2.4,lab,HFp,2,POI,EP,Eta,kBlue,20,1.4,This Report
pPbEtaEP120HFPbPOI,pPb,120,150,0.3,3,-2.4,2.4,lab,HFPb,2,POI,EP,Eta,kRed,20,1.4,This Report
pPbEtaEP150HFPbPOI,pPb,150,185,0.3,3,-2.4,2.4,lab,HFPb,2,POI,EP,Eta,kRed,20,1.4,This Report
pPbEtaEP185HFPbPOI,pPb,185,220,0.3,3,-2.4,2.4,lab,HFPb,2,POI,EP,Eta,kRed,20,1.4,This Report
pPbEtaEP220HFPbPOI,pPb,220,260,0.3,3,-2.4,2.4,lab,HFPb,2,POI,EP,Eta,kRed,20,1.4,This Report
pPbEtaEP260HFPbPOI,pPb,260,300,0.3,3,-2.4,2.4,lab,HFPb,2,POI,EP,Eta,kRed,20,1.4,This Report
pPbEtaEP120HFpv3,pPb,120,150,0.3,3,-2.4,2.4,lab,HFp,3,0,EP,Eta,kRed,24,1.4,This Report
pPbEtaEP150HFpv3,pPb,150,185,0.3,3,-2.4,2.4,lab,HFp,3,0,EP,Eta,kRed,24,1.4,This Report
pPbEtaEP185HFpv3,pPb,185,220,0.3,3,-2.4,2.4,lab,HFp,3,0,EP,Eta,kRed,24,1.4,This Report
pPbEtaEP220HFpv3,pPb,220,260,0.3,3,-2.4,2.4,lab,HFp,3,0,EP,Eta,kRed,24,1.4,This Report
pPbEtaEP260HFpv3,pPb,260,300,0.3,3,-2.4,2.4,lab,HFp,3,0,EP,Eta,kRed,24,1.4,This Report
pPbEtaEP120HFPbv3,pPb,120,150,0.3,3,-2.4,2.4,lab,HFPb,3,0,EP,Eta,kRed,24,1.4,This Report
pPbEtaEP150HFPbv3,pPb,150,185,0.3,3,-2.4,2.4,lab,HFPb,3,0,EP,Eta,kRed,24,1.4,This Report
pPbEtaEP185HFPbv3,pPb,185,220,0.3,3,-2.4,2.4,lab,HFPb,3,0,EP,Eta,kRed,24,1.4,This Report
pPbEtaEP220HFPbv3,pPb,220,260,0.3,3,-2.4,2.4,lab,HFPb,3,0,EP,Eta,kRed,24,1.4,This Report
pPbEtaEP260HFPbv3,pPb,260,300,0.3,3,-2.4,2.4,lab,HFPb,3,0,EP,Eta,kRed,24,1.4,This Report
pPbEtaEP120HFpPOIv3,pPb,120,150,0.3,3,-2.4,2.4,lab,HFp,3,POI,EP,Eta,kBlue,20,1.4,This Report
pPbEtaEP150HFpPOIv3,pPb,150,185,0.3,3,-2.4,2.4,lab,HFp,3,POI,EP,Eta,kBlue,20,1.4,This Report
pPbEtaEP185HFpPOIv3,pPb,185,220,0.3,3,-2.4,2.4,lab,HFp,3,POI,EP,Eta,kBlue,20,1.4,This Report
pPbEtaEP220HFpPOIv3,pPb,220,260,0.3,3,-2.4,2.4,lab,HFp,3,POI,EP,Eta,kBlue,20,1.4,This Report
pPbEtaEP260HFpPOIv3,pPb,260,300,0.3,3,-2.4,2.4,lab,HFp,3,POI,EP,Eta,kBlue,20,1.4,This Report
pPbEtaEP120HFPbPOIv3,pPb,120,150,0.3,3,-2.4,2.4,lab,HFPb,3,POI,EP,Eta,kBlue,20,1.4,This Report
pPbEtaEP150HFPbPOIv3,pPb,150,185,0.3,3,-2.4,2.4,lab,HFPb,3,POI,EP,Eta,kBlue,20,1.4,This Report
pPbEtaEP185HFPbPOIv3,pPb,185,220,0.3,3,-2.4,2.4,lab,HFPb,3,POI,EP,Eta,kBlue,20,1.4,This Report
pPbEtaEP220HFPbPOIv3,pPb,220,260,0.3,3,-2.4,2.4,lab,HFPb,3,POI,EP,Eta,kBlue,20,1.4,This Report
pPbEtaEP260HFPbPOIv3,pPb,260,300,0.3,3,-2.4,2.4,lab,HFPb,3,POI,EP,Eta,kBlue,20,1.4,This Report
pPbEtaEPfull120HFfarPOIv3,pPb,120,150,0.3,3,-2.4,2.4,lab,far,3,POI,EP,Eta,kBlue,24,1.4,This Report
pPbEtaEPfull150HFfarPOIv3,pPb,150,185,0.3,3,-2.4,2.4,lab,far,3,POI,EP,Eta,kBlue,24,1.4,This Report
pPbEtaEPfull185HFfarPOIv3,pPb,185,220,0.3,3,-2.4,2.4,lab,far,3,POI,EP,Eta,kBlue,24,1.4,This Report
pPbEtaEPfull220HFfarPOIv3,pPb,220,260,0.3,3,-2.4,2.4,lab,far,3,POI,EP,Eta,kBlue,24,1.4,This Report
pPbEtaEPfull260HFfarPOIv3,pPb,260,300,0.3,3,-2.4,2.4,lab,far,3,POI,EP,Eta,kBlue,24,1.4,This Report
pPbEtaLYZ120,pPb,120,150,0.3,6,-2.4,2.4,lab,-,2,-,LYZ,Eta,kGreen+3,20,1.4,This Report
pPbEtaLYZ150,pPb,150,185,0.3,6,-2.4,2.4,lab,-,2,-,LYZ,Eta,kGreen+3,20,1.4,This Report
pPbEtaLYZ185,pPb,185,220,0.3,6,-2.4,2.4,lab,-,2,-,LYZ,Eta,kGreen+3,20,1.4,This Report
pPbEtaLYZ220,pPb,220,260,0.3,6,-2.4,2.4,lab,-,2,-,LYZ,Eta,kGreen+3,20,1.4,This Report
pPbEtaSPfull120HFfar,pPb,120,150,0.3,3,-2.4,2.4,lab,far,2,0,SP,Eta,kRed,24,1.4,This Report
pPbEtaSPfull150HFfar,pPb,150,185,0.3,3,-2.4,2.4,lab,far,2,0,SP,Eta,kRed,24,1.4,This Report
pPbEtaSPfull185HFfar,pPb,185,220,0.3,3,-2.4,2.4,lab,far,2,0,SP,Eta,kRed,24,1.4,This Report
pPbEtaSPfull220HFfar,pPb,220,260,0.3,3,-2.4,2.4,lab,far,2,0,SP,Eta,kRed,24,1.4,This Report
pPbEtaSPfull260HFfar,pPb,260,300,0.3,3,-2.4,2.4,lab,far,2,0,SP,Eta,kRed,24,1.4,This Report
pPbEtaSPfull120HFfarPOI,pPb,120,150,0.3,3,-2.4,2.4,lab,far,2,POI,SP,Eta,kBlue,20,1.4,This Report
pPbEtaSPfull150HFfarPOI,pPb,150,185,0.3,3,-2.4,2.4,lab,far,2,POI,SP,Eta,kBlue,20,1.4,This Report
pPbEtaSPfull185HFfarPOI,pPb,185,220,0.3,3,-2.4,2.4,lab,far,2,POI,SP,Eta,kBlue,20,1.4,This Report
pPbEtaSPfull220HFfarPOI,pPb,220,260,0.3,3,-2.4,2.4,lab,far,2,POI,SP,Eta,kBlue,20,1.4,This Report
pPbEtaSPfull260HFfarPOI,pPb,260,300,0.3,3,-2.4,2.4,lab,far,2,POI,SP,Eta,kBlue,20,1.4,This Report
pPbEtaSP120HFp,pPb,120,150,0.3,3,-2.4,2.4,lab,HFp,2,0,SP,Eta,kBlue,24,1.4,This Report
pPbEtaSP150HFp,pPb,150,185,0.3,3,-2.4,2.4,lab,HFp,2,0,SP,Eta,kBlue,24,1.4,This Report
pPbEtaSP185HFp,pPb,185,220,0.3,3,-2.4,2.4,lab,HFp,2,0,SP,Eta,kBlue,24,1.4,This Report
pPbEtaSP220HFp,pPb,220,260,0.3,3,-2.4,2.4,lab,HFp,2,0,SP,Eta,kBlue,24,1.4,This Report
pPbEtaSP260HFp,pPb,260,300,0.3,3,-2.4,2.4,lab,HFp,2,0,SP,Eta,kBlue,24,1.4,This Report
pPbEtaSP120HFPb,pPb,120,150,0.3,3,-2.4,2.4,lab,HFPb,2,0,SP,Eta,kRed,24,1.4,This Report
pPbEtaSP150HFPb,pPb,150,185,0.3,3,-2.4,2.4,lab,HFPb,2,0,SP,Eta,kRed,24,1.4,This Report
pPbEtaSP185HFPb,pPb,185,220,0.3,3,-2.4,2.4,lab,HFPb,2,0,SP,Eta,kRed,24,1.4,This Report
pPbEtaSP220HFPb,pPb,220,260,0.3,3,-2.4,2.4,lab,HFPb,2,0,SP,Eta,kRed,24,1.4,This Report
pPbEtaSP260HFPb,pPb,260,300,0.3,3,-2.4,2.4,lab,HFPb,2,0,SP,Eta,kRed,24,1.4,This Report
pPbEtaSP120HFpPOI,pPb,120,150,0.3,3,-2.4,2.4,lab,HFp,2,POI,SP,Eta,kBlue,20,1.4,This Report
pPbEtaSP150HFpPOI,pPb,150,185,0.3,3,-2.4,2.4,lab,HFp,2,POI,SP,Eta,kBlue,20,1.4,This Report
pPbEtaSP185HFpPOI,pPb,185,220,0.3,3,-2.4,2.4,lab,HFp,2,POI,SP,Eta,kBlue,20,1.4,This Report
pPbEtaSP220HFpPOI,pPb,220,260,0.3,3,-2.4,2.4,lab,HFp,2,POI,SP,Eta,kBlue,20,1.4,This Report
pPbEtaSP260HFpPOI,pPb,260,300,0.3,3,-2.4,2.4,lab,HFp,2,POI,SP,Eta,kBlue,20,1.4,This Report
pPbEtaSP120HFPbPOI,pPb,120,150,0.3,3,-2.4,2.4,lab,HFPb,2,POI,SP,Eta,kRed,20,1.4,This Report
pPbEtaSP150HFPbPOI,pPb,150,185,0.3,3,-2.4,2.4,lab,HFPb,2,POI,SP,Eta,kRed,20,1.4,This Report
pPbEtaSP185HFPbPOI,pPb,185,220,0.3,3,-2.4,2.4,lab,HFPb,2,POI,SP,Eta,kRed,20,1.4,This Report
pPbEtaSP220HFPbPOI,pPb,220,260,0.3,3,-2.4,2.4,lab,HFPb,2,POI,SP,Eta,kRed,20,1.4,This Report
pPbEtaSP260HFPbPOI,pPb,260,300,0.3,3,-2.4,2.4,lab,HFPb,2,POI,SP,Eta,kRed,20,1.4,This Report
pPbEtaSPfull120HFfarPOIv3,pPb,120,150,0.3,3,-2.4,2.4,lab,far,3,POI,SP,Eta,kBlue,24,1.4,This Report
pPbEtaSPfull150HFfarPOIv3,pPb,150,185,0.3,3,-2.4,2.4,lab,far,3,POI,SP,Eta,kBlue,24,1.4,This Report
pPbEtaSPfull185HFfarPOIv3,pPb,185,220,0.3,3,-2.4,2.4,lab,far,3,POI,SP,Eta,kBlue,24,1.4,This Report
pPbEtaSPfull220HFfarPOIv3,pPb,220,260,0.3,3,-2.4,2.4,lab,far,3,POI,SP,Eta,kBlue,24,1.4,This Report
pPbEtaSPfull260HFfarPOIv3,pPb,260,300,0.3,3,-2.4,2.4,lab,far,3,POI,SP,Eta,kBlue,24,1.4,This Report
pPbEtaSP120HFpv3,pPb,120,150,0.3,3,-2.4,2.4,lab,HFp,3,0,SP,Eta,kRed,24,1.4,This Report
pPbEtaSP150HFpv3,pPb,150,185,0.3,3,-2.4,2.4,lab,HFp,3,0,SP,Eta,kRed,24,1.4,This Report
pPbEtaSP185HFpv3,pPb,185,220,0.3,3,-2.4,2.4,lab,HFp,3,0,SP,Eta,kRed,24,1.4,This Report
pPbEtaSP220HFpv3,pPb,220,260,0.3,3,-2.4,2.4,lab,HFp,3,0,SP,Eta,kRed,24,1.4,This Report
pPbEtaSP260HFpv3,pPb,260,300,0.3,3,-2.4,2.4,lab,HFp,3,0,SP,Eta,kRed,24,1.4,This Report
pPbEtaSP120HFPbv3,pPb,120,150,0.3,3,-2.4,2.4,lab,HFPb,3,0,SP,Eta,kRed,24,1.4,This Report
pPbEtaSP150HFPbv3,pPb,150,185,0.3,3,-2.4,2.4,lab,HFPb,3,0,SP,Eta,kRed,24,1.4,This Report
pPbEtaSP185HFPbv3,pPb,185,220,0.3,3,-2.4,2.4,lab,HFPb,3,0,SP,Eta,kRed,24,1.4,This Report
pPbEtaSP220HFPbv3,pPb,220,260,0.3,3,-2.4,2.4,lab,HFPb,3,0,SP,Eta,kRed,24,1.4,This Report
pPbEtaSP260HFPbv3,pPb,260,300,0.3,3,-2.4,2.4,lab,HFPb,3,0,SP,Eta,kRed,24,1.4,This Report
pPbEtaSP120HFpPOIv3,pPb,120,150,0.3,3,-2.4,2.4,lab,HFp,3,POI,SP,Eta,kBlue,20,1.4,This Report
pPbEtaSP150HFpPOIv3,pPb,150,185,0.3,3,-2.4,2.4,lab,HFp,3,POI,SP,Eta,kBlue,20,1.4,This Report
pPbEtaSP185HFpPOIv3,pPb,185,220,0.3,3,-2.4,2.4,lab,HFp,3,POI,SP,Eta,kBlue,20,1.4,This Report
pPbEtaSP220HFpPOIv3,pPb,220,260,0.3,3,-2.4,2.4,lab,HFp,3,POI,SP,Eta,kBlue,20,1.4,This Report
pPbEtaSP260HFpPOIv3,pPb,260,300,0.3,3,-2.4,2.4,lab,HFp,3,POI,SP,Eta,kBlue,20,1.4,This Report
pPbEtaSP120HFPbPOIv3,pPb,120,150,0.3,3,-2.4,2.4,lab,HFPb,3,POI,SP,Eta,kBlue,20,1.4,This Report
pPbEtaSP150HFPbPOIv3,pPb,150,185,0.3,3,-2.4,2.4,lab,HFPb,3,POI,SP,Eta,kBlue,20,1.4,This Report
pPbEtaSP185HFPbPOIv3,pPb,185,220,0.3,3,-2.4,2.4,lab,HFPb,3,POI,SP,Eta,kBlue,20,1.4,This Report
pPbEtaSP220HFPbPOIv3,pPb,220,260,0.3,3,-2.4,2.4,lab,HFPb,3,POI,SP,Eta,kBlue,20,1.4,This Report
pPbEtaSP260HFPbPOIv3,pPb,260,300,0.3,3,-2.4,2.4,lab,HFPb,3,POI,SP,Eta,kBlue,20,1.4,This Report
pPbHijingPtEPMid0HFPb,Hijing,0,20,0.3,3,-0.8,0.8,lab,HFPb,2,0,EPHIJING,Pt,kRed,20,1.4,This Report
pPbHijingPtEPMid20HFPb,Hijing,20,30,0.3,3,-0.8,0.8,lab,HFPb,2,0,EPHIJING,Pt,kRed,20,1.4,This Report
pPbHijingPtEPMid30HFPb,Hijing,30,40,0.3,3,-0.8,0.8,lab,HFPb,2,0,EPHIJING,Pt,kRed,20,1.4,This Report
pPbHijingPtEPMid40HFPb,Hijing,40,50,0.3,3,-0.8,0.8,lab,HFPb,2,0,EPHIJING,Pt,kRed,20,1.4,This Report
pPbHijingPtEPMid50HFPb,Hijing,50,60,0.3,3,-0.8,0.8,lab,HFPb,2,0,EPHIJING,Pt,kRed,20,1.4,This Report
pPbHijingPtEPMid60HFPb,Hijing,60,80,0.3,3,-0.8,0.8,lab,HFPb,2,0,EPHIJING,Pt,kRed,20,1.4,This Report
pPbHijingPtEPMid80HFPb,Hijing,80,100,0.3,3,-0.8,0.8,lab,HFPb,2,0,EPHIJING,Pt,kRed,20,1.4,This Report
pPbHijingPtEPMid100HFPb,Hijing,100,120,0.3,3,-0.8,0.8,lab,HFPb,2,0,EPHIJING,Pt,kRed,20,1.4,This Report
pPbHijingPtSPMid0HFPb,Hijing,0,20,0.3,3,-0.8,0.8,lab,HFPb,2,0,SPHIJING,Pt,kRed,20,1.4,This Report
pPbHijingPtSPMid20HFPb,Hijing,20,30,0.3,3,-0.8,0.8,lab,HFPb,2,0,SPHIJING,Pt,kRed,20,1.4,This Report
pPbHijingPtSPMid30HFPb,Hijing,30,40,0.3,3,-0.8,0.8,lab,HFPb,2,0,SPHIJING,Pt,kRed,20,1.4,This Report
pPbHijingPtSPMid40HFPb,Hijing,40,50,0.3,3,-0.8,0.8,lab,HFPb,2,0,SPHIJING,Pt,kRed,20,1.4,This Report
pPbHijingPtSPMid50HFPb,Hijing,50,60,0.3,3,-0.8,0.8,lab,HFPb,2,0,SPHIJING,Pt,kRed,20,1.4,This Report
pPbHijingPtSPMid60HFPb,Hijing,60,80,0.3,3,-0.8,0.8,lab,HFPb,2,0,SPHIJING,Pt,kRed,20,1.4,This Report
pPbHijingPtSPMid80HFPb,Hijing,80,100,0.3,3,-0.8,0.8,lab,HFPb,2,0,SPHIJING,Pt,kRed,20,1.4,This Report
pPbHijingPtSPMid100HFPb,Hijing,100,120,0.3,3,-0.8,0.8,lab,HFPb,2,0,SPHIJING,Pt,kRed,20,1.4,This Report
PbPbPt2Part120,PbPb,120,150,0.3,6,-,-,lab,-,2,-,2Part,Pt,kBlue,24,1.4,"PLB 724, 213(2013)"
PbPbPt2Part150,PbPb,150,185,0.3,6,-,-,lab,-,2,-,2Part,Pt,kBlue,24,1.4,"PLB 724, 213(2013)"
PbPbPt2Part185,PbPb,185,220,0.3,6,-,-,lab,-,2,-,2Part,Pt,kBlue,24,1.4,"PLB 724, 213(2013)"
PbPbPt2Part220,PbPb,220,260,0.3,6,-,-,lab,-,2,-,2Part,Pt,kBlue,24,1.4,"PLB 724, 213(2013)"
PbPbPtCum4120,PbPb,120,150,0.3,6,-2.4,2.4,lab,-,2,-,Cum4,Pt,kBlue,30,1.4,"PLB 724, 213(2013)"
PbPbPtCum4150,PbPb,150,185,0.3,6,-2.4,2.4,lab,-,2,-,Cum4,Pt,kBlue,30,1.4,"PLB 724, 213(2013)"
PbPbPtCum4185,PbPb,185,220,0.3,6,-2.4,2.4,lab,-,2,-,Cum4,Pt,kBlue,30,1.4,"PLB 724, 213(2013)"
PbPbPtCum4220,PbPb,220,260,0.3,6,-2.4,2.4,lab,-,2,-,Cum4,Pt,kBlue,30,1.4,"PLB 724, 213(2013)"
PbPbPtCum6120,PbPb,120,150,0.3,6,-2.4,2.4,lab,-,2,-,Cum6,Pt,kBlue,34,1.6,This Report
PbPbPtCum6150,PbPb,150,185,0.3,6,-2.4,2.4,lab,-,2,-,Cum6,Pt,kBlue,34,1.6,This Report
PbPbPtCum6185,PbPb,185,220,0.3,6,-2.4,2.4,lab,-,2,-,Cum6,Pt,kBlue,34,1.6,This Report
PbPbPtCum6220,PbPb,220,260,0.3,6,-2.4,2.4,lab,-,2,-,Cum6,Pt,kBlue,34,1.6,This Report
PbPbPtCum8120,PbPb,120,150,0.3,6,-2.4,2.4,lab,-,2,-,Cum8,Pt,kCyan +1,33,2.2,This Report
PbPbPtCum8150,PbPb,150,185,0.3,6,-2.4,2.4,lab,-,2,-,Cum8,Pt,kCyan +1,33,2.2,This Report
PbPbPtCum8185,PbPb,185,220,0.3,6,-2.4,2.4,lab,-,2,-,Cum8,Pt,kCyan +1,33,2.2,This Report
PbPbPtCum8220,PbPb,220,260,0.3,6,-2.4,2.4,lab,-,2,-,Cum8,Pt,kCyan +1,33,2.2,This Report
PbPbPtEPMid120HF,PbPb,120,150,0.3,6,-0.8,0.8,lab,far,2,0,EP,Pt,kRed,21,1.4,This Report
PbPbPtEPMid150HF,PbPb,150,185,0.3,6,-0.8,0.8,lab,far,2,0,EP,Pt,kRed,21,1.4,This Report
PbPbPtEPMid185HF,PbPb,185,220,0.3,6,-0.8,0.8,lab,far,2,0,EP,Pt,kRed,21,1.4,This Report
PbPbPtEPMid220HF,PbPb,220,260,0.3,6,-0.8,0.8,lab,far,2,0,EP,Pt,kRed,21,1.4,This Report
PbPbPtEPMid260HF,PbPb,260,300,0.3,6,-0.8,0.8,lab,far,2,0,EP,Pt,kRed,21,1.4,This Report
PbPbPtEPMid120HFPOI,PbPb,120,150,0.3,6,-0.8,0.8,lab,far,2,POI,EP,Pt,kRed,21,1.4,This Report
PbPbPtEPMid150HFPOI,PbPb,150,185,0.3,6,-0.8,0.8,lab,far,2,POI,EP,Pt,kRed,21,1.4,This Report
PbPbPtEPMid185HFPOI,PbPb,185,220,0.3,6,-0.8,0.8,lab,far,2,POI,EP,Pt,kRed,21,1.4,This Report
PbPbPtEPMid220HFPOI,PbPb,220,260,0.3,6,-0.8,0.8,lab,far,2,POI,EP,Pt,kRed,21,1.4,This Report
PbPbPtEPMid260HFPOI,PbPb,260,300,0.3,6,-0.8,0.8,lab,far,2,POI,EP,Pt,kRed,21,1.4,This Report
PbPbPtEPhigh120HF,PbPb,120,150,0.3,6,2,2.4,lab,far,2,0,EP,Pt,kRed,25,1.4,This Report
PbPbPtEPhigh150HF,PbPb,150,185,0.3,6,2,2.4,lab,far,2,0,EP,Pt,kRed,25,1.4,This Report
PbPbPtEPhigh185HF,PbPb,185,220,0.3,6,2,2.4,lab,far,2,0,EP,Pt,kRed,25,1.4,This Report
PbPbPtEPhigh220HF,PbPb,220,260,0.3,6,2,2.4,lab,far,2,0,EP,Pt,kRed,25,1.4,This Report
PbPbPtEPhigh260HF,PbPb,260,300,0.3,6,2,2.4,lab,far,2,0,EP,Pt,kRed,25,1.4,This Report
PbPbPtEPhigh120HFPOI,PbPb,120,150,0.3,6,2,2.4,lab,far,2,POI,EP,Pt,kRed,21,1.4,This Report
PbPbPtEPhigh150HFPOI,PbPb,150,185,0.3,6,2,2.4,lab,far,2,POI,EP,Pt,kRed,21,1.4,This Report
PbPbPtEPhigh185HFPOI,PbPb,185,220,0.3,6,2,2.4,lab,far,2,POI,EP,Pt,kRed,21,1.4,This Report
PbPbPtEPhigh220HFPOI,PbPb,220,260,0.3,6,2,2.4,lab,far,2,POI,EP,Pt,kRed,21,1.4,This Report
PbPbPtEPhigh260HFPOI,PbPb,260,300,0.3,6,2,2.4,lab,far,2,POI,EP,Pt,kRed,21,1.4,This Report
PbPbPtEPMid120HFv3,PbPb,120,150,0.3,6,-0.8,0.8,lab,far,3,0,EP,Pt,kRed,21,1.4,This Report
PbPbPtEPMid150HFv3,PbPb,150,185,0.3,6,-0.8,0.8,lab,far,3,0,EP,Pt,kRed,21,1.4,This Report
PbPbPtEPMid185HFv3,PbPb,185,220,0.3,6,-0.8,0.8,lab,far,3,0,EP,Pt,kRed,21,1.4,This Report
PbPbPtEPMid220HFv3,PbPb,220,260,0.3,6,-0.8,0.8,lab,far,3,0,EP,Pt,kRed,21,1.4,This Report
PbPbPtEPMid260HFv3,PbPb,260,300,0.3,6,-0.8,0.8,lab,far,3,0,EP,Pt,kRed,21,1.4,This Report
PbPbPtEPMid120HFPOIv3,PbPb,120,150,0.3,6,-0.8,0.8,lab,far,3,POI,EP,Pt,kBlue,21,1.4,This Report
PbPbPtEPMid150HFPOIv3,PbPb,150,185,0.3,6,-0.8,0.8,lab,far,3,POI,EP,Pt,kBlue,21,1.4,This Report
PbPbPtEPMid185HFPOIv3,PbPb,185,220,0.3,6,-0.8,0.8,lab,far,3,POI,EP,Pt,kBlue,21,1.4,This Report
PbPbPtEPMid220HFPOIv3,PbPb,220,260,0.3,6,-0.8,0.8,lab,far,3,POI,EP,Pt,kBlue,21,1.4,This Report
PbPbPtEPMid260HFPOIv3,PbPb,260,300,0.3,6,-0.8,0.8,lab,far,3,POI,EP,Pt,kBlue,21,1.4,This Report
PbPbPtEPhigh120HFv3,PbPb,120,150,0.3,6,2,2.4,lab,far,3,0,EP,Pt,kRed,24,1.4,This Report
PbPbPtEPhigh150HFv3,PbPb,150,185,0.3,6,2,2.4,lab,far,3,0,EP,Pt,kRed,24,1.4,This Report
PbPbPtEPhigh185HFv3,PbPb,185,220,0.3,6,2,2.4,lab,far,3,0,EP,Pt,kRed,24,1.4,This Report
PbPbPtEPhigh220HFv3,PbPb,220,260,0.3,6,2,2.4,lab,far,3,0,EP,Pt,kRed,24,1.4,This Report
PbPbPtEPhigh260HFv3,PbPb,260,300,0.3,6,2,2.4,lab,far,3,0,EP,Pt,kRed,24,1.4,This Report
PbPbPtEPhigh120HFPOIv3,PbPb,120,150,0.3,6,2,2.4,lab,far,3,POI,EP,Pt,kRed,20,1.4,This Report
PbPbPtEPhigh150HFPOIv3,PbPb,150,185,0.3,6,2,2.4,lab,far,3,POI,EP,Pt,kRed,20,1.4,This Report
PbPbPtEPhigh185HFPOIv3,PbPb,185,220,0.3,6,2,2.4,lab,far,3,POI,EP,Pt,kRed,20,1.4,This Report
PbPbPtEPhigh220HFPOIv3,PbPb,220,260,0.3,6,2,2.4,lab,far,3,POI,EP,Pt,kRed,20,1.4,This Report
PbPbPtEPhigh260HFPOIv3,PbPb,260,300,0.3,6,2,2.4,lab,far,3,POI,EP,Pt,kRed,20,1.4,This Report
PbPbPtLYZ120,PbPb,120,150,0.3,6,-2.4,2.4,lab,-,2,-,LYZ,Pt,kGreen+3,20,1.4,This Report
PbPbPtLYZ150,PbPb,150,185,0.3,6,-2.4,2.4,lab,-,2,-,LYZ,Pt,kGreen+3,20,1.4,This Report
PbPbPtLYZ185,PbPb,185,220,0.3,6,-2.4,2.4,lab,-,2,-,LYZ,Pt,kGreen+3,20,1.4,This Report
PbPbPtLYZ220,PbPb,220,260,0.3,6,-2.4,2.4,lab,-,2,-,LYZ,Pt,kGreen+3,20,1.4,This Report
PbPbPtSPMid120HF,PbPb,120,150,0.3,6,-0.8,0.8,lab,far,2,0,SP,Pt,kRed,21,1.4,This Report
PbPbPtSPMid150HF,PbPb,150,185,0.3,6,-0.8,0.8,lab,far,2,0,SP,Pt,kRed,21,1.4,This Report
PbPbPtSPMid185HF,PbPb,185,220,0.3,6,-0.8,0.8,lab,far,2,0,SP,Pt,kRed,21,1.4,This Report
PbPbPtSPMid220HF,PbPb,220,260,0.3,6,-0.8,0.8,lab,far,2,0,SP,Pt,kRed,21,1.4,This Report
PbPbPtSPMid260HF,PbPb,260,300,0.3,6,-0.8,0.8,lab,far,2,0,SP,Pt,kRed,21,1.4,This Report
PbPbPtSPMid120HFPOI,PbPb,120,150,0.3,6,-0.8,0.8,lab,far,2,POI,SP,Pt,kRed,21,1.4,This Report
PbPbPtSPMid150HFPOI,PbPb,150,185,0.3,6,-0.8,0.8,lab,far,2,POI,SP,Pt,kRed,21,1.4,This Report
PbPbPtSPMid185HFPOI,PbPb,185,220,0.3,6,-0.8,0.8,lab,far,2,POI,SP,Pt,kRed,21,1.4,This Report
PbPbPtSPMid220HFPOI,PbPb,220,260,0.3,6,-0.8,0.8,lab,far,2,POI,SP,Pt,kRed,21,1.4,This Report
PbPbPtSPMid260HFPOI,PbPb,260,300,0.3,6,-0.8,0.8,lab,far,2,POI,SP,Pt,kRed,21,1.4,This Report
PbPbPtSPhigh120HF,PbPb,120,150,0.3,6,2,2.4,lab,far,2,0,SP,Pt,kRed,25,1.4,This Report
PbPbPtSPhigh150HF,PbPb,150,185,0.3,6,2,2.4,lab,far,2,0,SP,Pt,kRed,25,1.4,This Report
PbPbPtSPhigh185HF,PbPb,185,220,0.3,6,2,2.4,lab,far,2,0,SP,Pt,kRed,25,1.4,This Report
PbPbPtSPhigh220HF,PbPb,220,260,0.3,6,2,2.4,lab,far,2,0,SP,Pt,kRed,25,1.4,This Report
PbPbPtSPhigh260HF,PbPb,260,300,0.3,6,2,2.4,lab,far,2,0,SP,Pt,kRed,25,1.4,This Report
PbPbPtSPhigh120HFPOI,PbPb,120,150,0.3,6,2,2.4,lab,far,2,POI,SP,Pt,kRed,21,1.4,This Report
PbPbPtSPhigh150HFPOI,PbPb,150,185,0.3,6,2,2.4,lab,far,2,POI,SP,Pt,kRed,21,1.4,This Report
PbPbPtSPhigh185HFPOI,PbPb,185,220,0.3,6,2,2.4,lab,far,2,POI,SP,Pt,kRed,21,1.4,This Report
PbPbPtSPhigh220HFPOI,PbPb,220,260,0.3,6,2,2.4,lab,far,2,POI,SP,Pt,kRed,21,1.4,This Report
PbPbPtSPhigh260HFPOI,PbPb,260,300,0.3,6,2,2.4,lab,far,2,POI,SP,Pt,kRed,21,1.4,This Report
PbPbPtSPMid120HFv3,PbPb,120,150,0.3,6,-0.8,0.8,lab,far,3,0,SP,Pt,kRed,21,1.4,This Report
PbPbPtSPMid150HFv3,PbPb,150,185,0.3,6,-0.8,0.8,lab,far,3,0,SP,Pt,kRed,21,1.4,This Report
PbPbPtSPMid185HFv3,PbPb,185,220,0.3,6,-0.8,0.8,lab,far,3,0,SP,Pt,kRed,21,1.4,This Report
PbPbPtSPMid220HFv3,PbPb,220,260,0.3,6,-0.8,0.8,lab,far,3,0,SP,Pt,kRed,21,1.4,This Report
PbPbPtSPMid260HFv3,PbPb,260,300,0.3,6,-0.8,0.8,lab,far,3,0,SP,Pt,kRed,21,1.4,This Report
PbPbPtSPMid120HFPOIv3,PbPb,120,150,0.3,6,-0.8,0.8,lab,far,3,POI,SP,Pt,kBlue,21,1.4,This Report
PbPbPtSPMid150HFPOIv3,PbPb,150,185,0.3,6,-0.8,0.8,lab,far,3,POI,SP,Pt,kBlue,21,1.4,This Report
PbPbPtSPMid185HFPOIv3,PbPb,185,220,0.3,6,-0.8,0.8,lab,far,3,POI,SP,Pt,kBlue,21,1.4,This Report
PbPbPtSPMid220HFPOIv3,PbPb,220,260,0.3,6,-0.8,0.8,lab,far,3,POI,SP,Pt,kBlue,21,1.4,This Report
PbPbPtSPMid260HFPOIv3,PbPb,260,300,0.3,6,-0.8,0.8,lab,far,3,POI,SP,Pt,kBlue,21,1.4,This Report
PbPbPtSPhigh120HFv3,PbPb,120,150,0.3,6,2,2.4,lab,far,3,0,SP,Pt,kRed,24,1.4,This Report
PbPbPtSPhigh150HFv3,PbPb,150,185,0.3,6,2,2.4,lab,far,3,0,SP,Pt,kRed,24,1.4,This Report
PbPbPtSPhigh185HFv3,PbPb,185,220,0.3,6,2,2.4,lab,far,3,0,SP,Pt,kRed,24,1.4,This Report
PbPbPtSPhigh220HFv3,PbPb,220,260,0.3,6,2,2.4,lab,far,3,0,SP,Pt,kRed,24,1.4,This Report
PbPbPtSPhigh260HFv3,PbPb,260,300,0.3,6,2,2.4,lab,far,3,0,SP,Pt,kRed,24,1.4,This Report
PbPbPtSPhigh120HFPOIv3,PbPb,120,150,0.3,6,2,2.4,lab,far,3,POI,SP,Pt,kRed,20,1.4,This Report
PbPbPtSPhigh150HFPOIv3,PbPb,150,185,0.3,6,2,2.4,lab,far,3,POI,SP,Pt,kRed,20,1.4,This Report
PbPbPtSPhigh185HFPOIv3,PbPb,185,220,0.3,6,2,2.4,lab,far,3,POI,SP,Pt,kRed,20,1.4,This Report
PbPbPtSPhigh220HFPOIv3,PbPb,220,260,0.3,6,2,2.4,lab,far,3,POI,SP,Pt,kRed,20,1.4,This Report
PbPbPtSPhigh260HFPOIv3,PbPb,260,300,0.3,6,2,2.4,lab,far,3,POI,SP,Pt,kRed,20,1.4,This Report
pPbPt2Part120,pPb,120,150,0.3,6,-,-,lab,-,2,-,2Part,Pt,kBlue,24,1.4,"PLB 724, 213(2013)"
pPbPt2Part150,pPb,150,185,0.3,6,-,-,lab,-,2,-,2Part,Pt,kBlue,24,1.4,"PLB 724, 213(2013)"
pPbPt2Part185,pPb,185,220,0.3,6,-,-,lab,-,2,-,2Part,Pt,kBlue,24,1.4,"PLB 724, 213(2013)"
pPbPt2Part220,pPb,220,260,0.3,6,-,-,lab,-,2,-,2Part,Pt,kBlue,24,1.4,"PLB 724, 213(2013)"
pPbPtCum4120,pPb,120,150,0.3,6,-2.4,2.4,lab,-,2,-,Cum4,Pt,kBlue,30,1.4,"PLB 724, 213(2013)"
pPbPtCum4150,pPb,150,185,0.3,6,-2.4,2.4,lab,-,2,-,Cum4,Pt,kBlue,30,1.4,"PLB 724, 213(2013)"
pPbPtCum4185,pPb,185,220,0.3,6,-2.4,2.4,lab,-,2,-,Cum4,Pt,kBlue,30,1.4,"PLB 724, 213(2013)"
pPbPtCum4220,pPb,220,260,0.3,6,-2.4,2.4,lab,-,2,-,Cum4,Pt,kBlue,30,1.4,"PLB 724, 213(2013)"
pPbPtCum6120,pPb,120,150,0.3,6,-2.4,2.4,lab,-,2,-,Cum6,Pt,kBlue,34,1.6,This Report
pPbPtCum6150,pPb,150,185,0.3,6,-2.4,2.4,lab,-,2,-,Cum6,Pt,kBlue,34,1.6,This Report
pPbPtCum6185,pPb,185,220,0.3,6,-2.4,2.4,lab,-,2,-,Cum6,Pt,kBlue,34,1.6,This Report
pPbPtCum6220,pPb,220,260,0.3,6,-2.4,2.4,lab,-,2,-,Cum6,Pt,kBlue,34,1.6,This Report
pPbPtCum8120,pPb,120,150,0.3,6,-2.4,2.4,lab,-,2,-,Cum8,Pt,kCyan +1,33,2.2,This Report
pPbPtCum8150,pPb,150,185,0.3,6,-2.4,2.4,lab,-,2,-,Cum8,Pt,kCyan +1,33,2.2,This Report
pPbPtCum8185,pPb,185,220,0.3,6,-2.4,2.4,lab,-,2,-,Cum8,Pt,kCyan +1,33,2.2,This Report
pPbPtCum8220,pPb,220,260,0.3,6,-2.4,2.4,lab,-,2,-,Cum8,Pt,kCyan +1,33,2.2,This Report
pPbPtEPMid120HFp,pPb,120,150,0.3,6,-0.8,0.8,lab,HFp,2,0,EP,Pt,kBlue,21,1.4,This Report
pPbPtEPMid150HFp,pPb,150,185,0.3,6,-0.8,0.8,lab,HFp,2,0,EP,Pt,kBlue,21,1.4,This Report
pPbPtEPMid185HFp,pPb,185,220,0.3,6,-0.8,0.8,lab,HFp,2,0,EP,Pt,kBlue,21,1.4,This Report
pPbPtEPMid220HFp,pPb,220,260,0.3,6,-0.8,0.8,lab,HFp,2,0,EP,Pt,kBlue,21,1.4,This Report
pPbPtEPMid260HFp,pPb,260,300,0.3,6,-0.8,0.8,lab,HFp,2,0,EP,Pt,kBlue,21,1.4,This Report
pPbPtEPMid120HFPb,pPb,120,150,0.3,6,-0.8,0.8,lab,HFPb,2,0,EP,Pt,kRed,21,1.4,This Report
pPbPtEPMid150HFPb,pPb,150,185,0.3,6,-0.8,0.8,lab,HFPb,2,0,EP,Pt,kRed,21,1.4,This Report
pPbPtEPMid185HFPb,pPb,185,220,0.3,6,-0.8,0.8,lab,HFPb,2,0,EP,Pt,kRed,21,1.4,This Report
pPbPtEPMid220HFPb,pPb,220,260,0.3,6,-0.8,0.8,lab,HFPb,2,0,EP,Pt,kRed,21,1.4,This Report
pPbPtEPMid260HFPb,pPb,260,300,0.3,6,-0.8,0.8,lab,HFPb,2,0,EP,Pt,kRed,21,1.4,This Report
pPbPtEPMid120HFpPOI,pPb,120,150,0.3,6,-0.8,0.8,lab,HFp,2,POI,EP,Pt,kBlue,21,1.4,This Report
pPbPtEPMid150HFpPOI,pPb,150,185,0.3,6,-0.8,0.8,lab,HFp,2,POI,EP,Pt,kBlue,21,1.4,This Report
pPbPtEPMid185HFpPOI,pPb,185,220,0.3,6,-0.8,0.8,lab,HFp,2,POI,EP,Pt,kBlue,21,1.4,This Report
pPbPtEPMid220HFpPOI,pPb,220,260,0.3,6,-0.8,0.8,lab,HFp,2,POI,EP,Pt,kBlue,21,1.4,This Report
pPbPtEPMid260HFpPOI,pPb,260,300,0.3,6,-0.8,0.8,lab,HFp,2,POI,EP,Pt,kBlue,21,1.4,This Report
pPbPtEPMid120HFPbPOI,pPb,120,150,0.3,6,-0.8,0.8,lab,HFPb,2,POI,EP,Pt,kRed,21,1.4,This Report
pPbPtEPMid150HFPbPOI,pPb,150,185,0.3,6,-0.8,0.8,lab,HFPb,2,POI,EP,Pt,kRed,21,1.4,This Report
pPbPtEPMid185HFPbPOI,pPb,185,220,0.3,6,-0.8,0.8,lab,HFPb,2,POI,EP,Pt,kRed,21,1.4,This Report
pPbPtEPMid220HFPbPOI,pPb,220,260,0.3,6,-0.8,0.8,lab,HFPb,2,POI,EP,Pt,kRed,21,1.4,This Report
pPbPtEPMid260HFPbPOI,pPb,260,300,0.3,6,-0.8,0.8,lab,HFPb,2,POI,EP,Pt,kRed,21,1.4,This Report
pPbPtEPpSide120HFp,pPb,120,150,0.3,6,-2.4,-2,cm,HFp,2,0,EP,Pt,kBlue,25,1.4,This Report
pPbPtEPpSide150HFp,pPb,150,185,0.3,6,-2.4,-2,cm,HFp,2,0,EP,Pt,kBlue,25,1.4,This Report
pPbPtEPpSide185HFp,pPb,185,220,0.3,6,-2.4,-2,cm,HFp,2,0,EP,Pt,kBlue,25,1.4,This Report
pPbPtEPpSide220HFp,pPb,220,260,0.3,6,-2.4,-2,cm,HFp,2,0,EP,Pt,kBlue,25,1.4,This Report
pPbPtEPpSide260HFp,pPb,260,300,0.3,6,-2.4,-2,cm,HFp,2,0,EP,Pt,kBlue,25,1.4,This Report
pPbPtEPpSide120HFPb,pPb,120,150,0.3,6,-2.4,-2,cm,HFPb,2,0,EP,Pt,kRed,25,1.4,This Report
pPbPtEPpSide150HFPb,pPb,150,185,0.3,6,-2.4,-2,cm,HFPb,2,0,EP,Pt,kRed,25,1.4,This Report
pPbPtEPpSide185HFPb,pPb,185,220,0.3,6,-2.4,-2,cm,HFPb,2,0,EP,Pt,kRed,25,1.4,This Report
pPbPtEPpSide220HFPb,pPb,220,260,0.3,6,-2.4,-2,cm,HFPb,2,0,EP,Pt,kRed,25,1.4,This Report
pPbPtEPpSide260HFPb,pPb,260,300,0.3,6,-2.4,-2,cm,HFPb,2,0,EP,Pt,kRed,25,1.4,This Report
pPbPtEPPbSide120HFp,pPb,120,150,0.3,6,1.2,1.6,cm,HFp,2,0,EP,Pt,kBlue,25,1.4,This Report
pPbPtEPPbSide150HFp,pPb,150,185,0.3,6,1.2,1.6,cm,HFp,2,0,EP,Pt,kBlue,25,1.4,This Report
pPbPtEPPbSide185HFp,pPb,185,220,0.3,6,1.2,1.6,cm,HFp,2,0,EP,Pt,kBlue,25,1.4,This Report
pPbPtEPPbSide220HFp,pPb,220,260,0.3,6,1.2,1.6,cm,HFp,2,0,EP,Pt,kBlue,25,1.4,This Report
pPbPtEPPbSide260HFp,pPb,260,300,0.3,6,1.2,1.6,cm,HFp,2,0,EP,Pt,kBlue,25,1.4,This Report
pPbPtEPPbSide120HFPb,pPb,120,150,0.3,6,1.2,1.6,cm,HFPb,2,0,EP,Pt,kRed,25,1.4,This Report
pPbPtEPPbSide150HFPb,pPb,150,185,0.3,6,1.2,1.6,cm,HFPb,2,0,EP,Pt,kRed,25,1.4,This Report
pPbPtEPPbSide185HFPb,pPb,185,220,0.3,6,1.2,1.6,cm,HFPb,2,0,EP,Pt,kRed,25,1.4,This Report
pPbPtEPPbSide220HFPb,pPb,220,260,0.3,6,1.2,1.6,cm,HFPb,2,0,EP,Pt,kRed,25,1.4,This Report
pPbPtEPPbSide260HFPb,pPb,260,300,0.3,6,1.2,1.6,cm,HFPb,2,0,EP,Pt,kRed,25,1.4,This Report
pPbPtEPpSide120HFpPOI,pPb,120,150,0.3,6,-2.4,-2,cm,HFp,2,POI,EP,Pt,kBlue,21,1.4,This Report
pPbPtEPpSide150HFpPOI,pPb,150,185,0.3,6,-2.4,-2,cm,HFp,2,POI,EP,Pt,kBlue,21,1.4,This Report
pPbPtEPpSide185HFpPOI,pPb,185,220,0.3,6,-2.4,-2,cm,HFp,2,POI,EP,Pt,kBlue,21,1.4,This Report
pPbPtEPpSide220HFpPOI,pPb,220,260,0.3,6,-2.4,-2,cm,HFp,2,POI,EP,Pt,kBlue,21,1.4,This Report
pPbPtEPpSide260HFpPOI,pPb,260,300,0.3,6,-2.4,-2,cm,HFp,2,POI,EP,Pt,kBlue,21,1.4,This Report
pPbPtEPpSide120HFPbPOI,pPb,120,150,0.3,6,-2.4,-2,cm,HFPb,2,POI,EP,Pt,kRed,21,1.4,This Report
pPbPtEPpSide150HFPbPOI,pPb,150,185,0.3,6,-2.4,-2,cm,HFPb,2,POI,EP,Pt,kRed,21,1.4,This Report
pPbPtEPpSide185HFPbPOI,pPb,185,220,0.3,6,-2.4,-2,cm,HFPb,2,POI,EP,Pt,kRed,21,1.4,This Report
pPbPtEPpSide220HFPbPOI,pPb,220,260,0.3,6,-2.4,-2,cm,HFPb,2,POI,EP,Pt,kRed,21,1.4,This Report
pPbPtEPpSide260HFPbPOI,pPb,260,300,0.3,6,-2.4,-2,cm,HFPb,2,POI,EP,Pt,kRed,21,1.4,This Report
pPbPtEPPbSide120HFpPOI,pPb,120,150,0.3,6,1.2,1.6,cm,HFp,2,POI,EP,Pt,kBlue,21,1.4,This Report
pPbPtEPPbSide150HFpPOI,pPb,150,185,0.3,6,1.2,1.6,cm,HFp,2,POI,EP,Pt,kBlue,21,1.4,This Report
pPbPtEPPbSide185HFpPOI,pPb,185,220,0.3,6,1.2,1.6,cm,HFp,2,POI,EP,Pt,kBlue,21,1.4,This Report
pPbPtEPPbSide220HFpPOI,pPb,220,260,0.3,6,1.2,1.6,cm,HFp,2,POI,EP,Pt,kBlue,21,1.4,This Report
pPbPtEPPbSide260HFpPOI,pPb,260,300,0.3,6,1.2,1.6,cm,HFp,2,POI,EP,Pt,kBlue,21,1.4,This Report
pPbPtEPPbSide120HFPbPOI,pPb,120,150,0.3,6,1.2,1.6,cm,HFPb,2,POI,EP,Pt,kRed,21,1.4,This Report
pPbPtEPPbSide150HFPbPOI,pPb,150,185,0.3,6,1.2,1.6,cm,HFPb,2,POI,EP,Pt,kRed,21,1.4,This Report
pPbPtEPPbSide185HFPbPOI,pPb,185,220,0.3,6,1.2,1.6,cm,HFPb,2,POI,EP,Pt,kRed,21,1.4,This Report
pPbPtEPPbSide220HFPbPOI,pPb,220,260,0.3,6,1.2,1.6,cm,HFPb,2,POI,EP,Pt,kRed,21,1.4,This Report
pPbPtEPPbSide260HFPbPOI,pPb,260,300,0.3,6,1.2,1.6,cm,HFPb,2,POI,EP,Pt,kRed,21,1.4,This Report
pPbPtEPMid120HFpv3,pPb,120,150,0.3,6,-0.8,0.8,lab,HFp,3,0,EP,Pt,kRed,20,1.4,This Report
pPbPtEPMid150HFpv3,pPb,150,185,0.3,6,-0.8,0.8,lab,HFp,3,0,EP,Pt,kRed,20,1.4,This Report
pPbPtEPMid185HFpv3,pPb,185,220,0.3,6,-0.8,0.8,lab,HFp,3,0,EP,Pt,kRed,20,1.4,This Report
pPbPtEPMid220HFpv3,pPb,220,260,0.3,6,-0.8,0.8,lab,HFp,3,0,EP,Pt,kRed,20,1.4,This Report
pPbPtEPMid260HFpv3,pPb,260,300,0.3,6,-0.8,0.8,lab,HFp,3,0,EP,Pt,kRed,20,1.4,This Report
pPbPtEPMid120HFPbv3,pPb,120,150,0.3,6,-0.8,0.8,lab,HFPb,3,0,EP,Pt,kRed,20,1.4,This Report
pPbPtEPMid150HFPbv3,pPb,150,185,0.3,6,-0.8,0.8,lab,HFPb,3,0,EP,Pt,kRed,20,1.4,This Report
pPbPtEPMid185HFPbv3,pPb,185,220,0.3,6,-0.8,0.8,lab,HFPb,3,0,EP,Pt,kRed,20,1.4,This Report
pPbPtEPMid220HFPbv3,pPb,220,260,0.3,6,-0.8,0.8,lab,HFPb,3,0,EP,Pt,kRed,20,1.4,This Report
pPbPtEPMid260HFPbv3,pPb,260,300,0.3,6,-0.8,0.8,lab,HFPb,3,0,EP,Pt,kRed,20,1.4,This Report
pPbPtEPMid120HFpPOIv3,pPb,120,150,0.3,6,-0.8,0.8,lab,HFp,3,POI,EP,Pt,kBlue,20,1.4,This Report
pPbPtEPMid150HFpPOIv3,pPb,150,185,0.3,6,-0.8,0.8,lab,HFp,3,POI,EP,Pt,kBlue,20,1.4,This Report
pPbPtEPMid185HFpPOIv3,pPb,185,220,0.3,6,-0.8,0.8,lab,HFp,3,POI,EP,Pt,kBlue,20,1.4,This Report
pPbPtEPMid220HFpPOIv3,pPb,220,260,0.3,6,-0.8,0.8,lab,HFp,3,POI,EP,Pt,kBlue,20,1.4,This Report
pPbPtEPMid260HFpPOIv3,pPb,260,300,0.3,6,-0.8,0.8,lab,HFp,3,POI,EP,Pt,kBlue,20,1.4,This Report
pPbPtEPMid120HFPbPOIv3,pPb,120,150,0.3,6,-0.8,0.8,lab,HFPb,3,POI,EP,Pt,kBlue,20,1.4,This Report
pPbPtEPMid150HFPbPOIv3,pPb,150,185,0.3,6,-0.8,0.8,lab,HFPb,3,POI,EP,Pt,kBlue,20,1.4,This Report
pPbPtEPMid185HFPbPOIv3,pPb,185,220,0.3,6,-0.8,0.8,lab,HFPb,3,POI,EP,Pt,kBlue,20,1.4,This Report
pPbPtEPMid220HFPbPOIv3,pPb,220,260,0.3,6,-0.8,0.8,lab,HFPb,3,POI,EP,Pt,kBlue,20,1.4,This Report
pPbPtEPMid260HFPbPOIv3,pPb,260,300,0.3,6,-0.8,0.8,lab,HFPb,3,POI,EP,Pt,kBlue,20,1.4,This Report
pPbPtEPpSide120HFpv3,pPb,120,150,0.3,6,-2.4,-2,cm,HFp,3,0,EP,Pt,kRed,24,1.4,This Report
pPbPtEPpSide150HFpv3,pPb,150,185,0.3,6,-2.4,-2,cm,HFp,3,0,EP,Pt,kRed,24,1.4,This Report
pPbPtEPpSide185HFpv3,pPb,185,220,0.3,6,-2.4,-2,cm,HFp,3,0,EP,Pt,kRed,24,1.4,This Report
pPbPtEPpSide220HFpv3,pPb,220,260,0.3,6,-2.4,-2,cm,HFp,3,0,EP,Pt,kRed,24,1.4,This Report
pPbPtEPpSide260HFpv3,pPb,260,300,0.3,6,-2.4,-2,cm,HFp,3,0,EP,Pt,kRed,24,1.4,This Report
pPbPtEPpSide120HFPbv3,pPb,120,150,0.3,6,-2.4,-2,cm,HFPb,3,0,EP,Pt,kRed,24,1.4,This Report
pPbPtEPpSide150HFPbv3,pPb,150,185,0.3,6,-2.4,-2,cm,HFPb,3,0,EP,Pt,kRed,24,1.4,This Report
pPbPtEPpSide185HFPbv3,pPb,185,220,0.3,6,-2.4,-2,cm,HFPb,3,0,EP,Pt,kRed,24,1.4,This Report
pPbPtEPpSide220HFPbv3,pPb,220,260,0.3,6,-2.4,-2,cm,HFPb,3,0,EP,Pt,kRed,24,1.4,This Report
pPbPtEPpSide260HFPbv3,pPb,260,300,0.3,6,-2.4,-2,cm,HFPb,3,0,EP,Pt,kRed,24,1.4,This Report
pPbPtEPPbSide120HFpv3,pPb,120,150,0.3,6,1.2,1.6,cm,HFp,3,0,EP,Pt,kRed,24,1.4,This Report
pPbPtEPPbSide150HFpv3,pPb,150,185,0.3,6,1.2,1.6,cm,HFp,3,0,EP,Pt,kRed,24,1.4,This Report
pPbPtEPPbSide185HFpv3,pPb,185,220,0.3,6,1.2,1.6,cm,HFp,3,0,EP,Pt,kRed,24,1.4,This Report
pPbPtEPPbSide220HFpv3,pPb,220,260,0.3,6,1.2,1.6,cm,HFp,3,0,EP,Pt,kRed,24,1.4,This Report
pPbPtEPPbSide260HFpv3,pPb,260,300,0.3,6,1.2,1.6,cm,HFp,3,0,EP,Pt,kRed,24,1.4,This Report
pPbPtEPPbSide120HFPbv3,pPb,120,150,0.3,6,1.2,1.6,cm,HFPb,3,0,EP,Pt,kRed,24,1.4,This Report
pPbPtEPPbSide150HFPbv3,pPb,150,185,0.3,6,1.2,1.6,cm,HFPb,3,0,EP,Pt,kRed,24,1.4,This Report
pPbPtEPPbSide185HFPbv3,pPb,185,220,0.3,6,1.2,1.6,cm,HFPb,3,0,EP,Pt,kRed,24,1.4,This Report
pPbPtEPPbSide220HFPbv3,pPb,220,260,0.3,6,1.2,1.6,cm,HFPb,3,0,EP,Pt,kRed,24,1.4,This Report
pPbPtEPPbSide260HFPbv3,pPb,260,300,0.3,6,1.2,1.6,cm,HFPb,3,0,EP,Pt,kRed,24,1.4,This Report
pPbPtEPpSide120HFpPOIv3,pPb,120,150,0.3,6,-2.4,-2,cm,HFp,3,POI,EP,Pt,kRed,20,1.4,This Report
pPbPtEPpSide150HFpPOIv3,pPb,150,185,0.3,6,-2.4,-2,cm,HFp,3,POI,EP,Pt,kRed,20,1.4,This Report
pPbPtEPpSide185HFpPOIv3,pPb,185,220,0.3,6,-2.4,-2,cm,HFp,3,POI,EP,Pt,kRed,20,1.4,This Report
pPbPtEPpSide220HFpPOIv3,pPb,220,260,0.3,6,-2.4,-2,cm,HFp,3,POI,EP,Pt,kRed,20,1.4,This Report
pPbPtEPpSide260HFpPOIv3,pPb,260,300,0.3,6,-2.4,-2,cm,HFp,3,POI,EP,Pt,kRed,20,1.4,This Report
pPbPtEPpSide120HFPbPOIv3,pPb,120,150,0.3,6,-2.4,-2,cm,HFPb,3,POI,EP,Pt,kRed,20,1.4,This Report
pPbPtEPpSide150HFPbPOIv3,pPb,150,185,0.3,6,-2.4,-2,cm,HFPb,3,POI,EP,Pt,kRed,20,1.4,This Report
pPbPtEPpSide185HFPbPOIv3,pPb,185,220,0.3,6,-2.4,-2,cm,HFPb,3,POI,EP,Pt,kRed,20,1.4,This Report
pPbPtEPpSide220HFPbPOIv3,pPb,220,260,0.3,6,-2.4,-2,cm,HFPb,3,POI,EP,Pt,kRed,20,1.4,This Report
pPbPtEPpSide260HFPbPOIv3,pPb,260,300,0.3,6,-2.4,-2,cm,HFPb,3,POI,EP,Pt,kRed,20,1.4,This Report
pPbPtEPPbSide120HFpPOIv3,pPb,120,150,0.3,6,1.2,1.6,cm,HFp,3,POI,EP,Pt,kRed,20,1.4,This Report
pPbPtEPPbSide150HFpPOIv3,pPb,150,185,0.3,6,1.2,1.6,cm,HFp,3,POI,EP,Pt,kRed,20,1.4,This Report
pPbPtEPPbSide185HFpPOIv3,pPb,185,220,0.3,6,1.2,1.6,cm,HFp,3,POI,EP,Pt,kRed,20,1.4,This Report
pPbPtEPPbSide220HFpPOIv3,pPb,220,260,0.3,6,1.2,1.6,cm,HFp,3,POI,EP,Pt,kRed,20,1.4,This Report
pPbPtEPPbSide260HFpPOIv3,pPb,260,300,0.3,6,1.2,1.6,cm,HFp,3,POI,EP,Pt,kRed,20,1.4,This Report
pPbPtEPPbSide120HFPbPOIv3,pPb,120,150,0.3,6,1.2,1.6,cm,HFPb,3,POI,EP,Pt,kRed,20,1.4,This Report
pPbPtEPPbSide150HFPbPOIv3,pPb,150,185,0.3,6,1.2,1.6,cm,HFPb,3,POI,EP,Pt,kRed,20,1.4,This Report
pPbPtEPPbSide185HFPbPOIv3,pPb,185,220,0.3,6,1.2,1.6,cm,HFPb,3,POI,EP,Pt,kRed,20,1.4,This Report
pPbPtEPPbSide220HFPbPOIv3,pPb,220,260,0.3,6,1.2,1.6,cm,HFPb,3,POI,EP,Pt,kRed,20,1.4,This Report
pPbPtEPPbSide260HFPbPOIv3,pPb,260,300,0.3,6,1.2,1.6,cm,HFPb,3,POI,EP,Pt,kRed,20,1.4,This Report
pPbPtLYZ120,pPb,120,150,0.3,6,-2.4,2.4,lab,-,2,-,LYZ,Pt,kGreen+3,20,1.4,This Report
pPbPtLYZ150,pPb,150,185,0.3,6,-2.4,2.4,lab,-,2,-,LYZ,Pt,kGreen+3,20,1.4,This Report
pPbPtLYZ185,pPb,185,220,0.3,6,-2.4,2.4,lab,-,2,-,LYZ,Pt,kGreen+3,20,1.4,This Report
pPbPtLYZ220,pPb,220,260,0.3,6,-2.4,2.4,lab,-,2,-,LYZ,Pt,kGreen+3,20,1.4,This Report
pPbPtSPMid120HFp,pPb,120,150,0.3,6,-0.8,0.8,lab,HFp,2,0,SP,Pt,kBlue,21,1.4,This Report
pPbPtSPMid150HFp,pPb,150,185,0.3,6,-0.8,0.8,lab,HFp,2,0,SP,Pt,kBlue,21,1.4,This Report
pPbPtSPMid185HFp,pPb,185,220,0.3,6,-0.8,0.8,lab,HFp,2,0,SP,Pt,kBlue,21,1.4,This Report
pPbPtSPMid220HFp,pPb,220,260,0.3,6,-0.8,0.8,lab,HFp,2,0,SP,Pt,kBlue,21,1.4,This Report
pPbPtSPMid260HFp,pPb,260,300,0.3,6,-0.8,0.8,lab,HFp,2,0,SP,Pt,kBlue,21,1.4,This Report
pPbPtSPMid120HFPb,pPb,120,150,0.3,6,-0.8,0.8,lab,HFPb,2,0,SP,Pt,kRed,21,1.4,This Report
pPbPtSPMid150HFPb,pPb,150,185,0.3,6,-0.8,0.8,lab,HFPb,2,0,SP,Pt,kRed,21,1.4,This Report
pPbPtSPMid185HFPb,pPb,185,220,0.3,6,-0.8,0.8,lab,HFPb,2,0,SP,Pt,kRed,21,1.4,This Report
pPbPtSPMid220HFPb,pPb,220,260,0.3,6,-0.8,0.8,lab,HFPb,2,0,SP,Pt,kRed,21,1.4,This Report
pPbPtSPMid260HFPb,pPb,260,300,0.3,6,-0.8,0.8,lab,HFPb,2,0,SP,Pt,kRed,21,1.4,This Report
pPbPtSPMid120HFpPOI,pPb,120,150,0.3,6,-0.8,0.8,lab,HFp,2,POI,SP,Pt,kBlue,21,1.4,This Report
pPbPtSPMid150HFpPOI,pPb,150,185,0.3,6,-0.8,0.8,lab,HFp,2,POI,SP,Pt,kBlue,21,1.4,This Report
pPbPtSPMid185HFpPOI,pPb,185,220,0.3,6,-0.8,0.8,lab,HFp,2,POI,SP,Pt,kBlue,21,1.4,This Report
pPbPtSPMid220HFpPOI,pPb,220,260,0.3,6,-0.8,0.8,lab,HFp,2,POI,SP,Pt,kBlue,21,1.4,This Report
pPbPtSPMid260HFpPOI,pPb,260,300,0.3,6,-0.8,0.8,lab,HFp,2,POI,SP,Pt,kBlue,21,1.4,This Report
pPbPtSPMid120HFPbPOI,pPb,120,150,0.3,6,-0.8,0.8,lab,HFPb,2,POI,SP,Pt,kRed,21,1.4,This Report
pPbPtSPMid150HFPbPOI,pPb,150,185,0.3,6,-0.8,0.8,lab,HFPb,2,POI,SP,Pt,kRed,21,1.4,This Report
pPbPtSPMid185HFPbPOI,pPb,185,220,0.3,6,-0.8,0.8,lab,HFPb,2,POI,SP,Pt,kRed,21,1.4,This Report
pPbPtSPMid220HFPbPOI,pPb,220,260,0.3,6,-0.8,0.8,lab,HFPb,2,POI,SP,Pt,kRed,21,1.4,This Report
pPbPtSPMid260HFPbPOI,pPb,260,300,0.3,6,-0.8,0.8,lab,HFPb,2,POI,SP,Pt,kRed,21,1.4,This Report
pPbPtSPpSide120HFp,pPb,120,150,0.3,6,-2.4,-2,cm,HFp,2,0,SP,Pt,kBlue,25,1.4,This Report
pPbPtSPpSide150HFp,pPb,150,185,0.3,6,-2.4,-2,cm,HFp,2,0,SP,Pt,kBlue,25,1.4,This Report
pPbPtSPpSide185HFp,pPb,185,220,0.3,6,-2.4,-2,cm,HFp,2,0,SP,Pt,kBlue,25,1.4,This Report
pPbPtSPpSide220HFp,pPb,220,260,0.3,6,-2.4,-2,cm,HFp,2,0,SP,Pt,kBlue,25,1.4,This Report
pPbPtSPpSide260HFp,pPb,260,300,0.3,6,-2.4,-2,cm,HFp,2,0,SP,Pt,kBlue,25,1.4,This Report
pPbPtSPpSide120HFPb,pPb,120,150,0.3,6,-2.4,-2,cm,HFPb,2,0,SP,Pt,kRed,25,1.4,This Report
pPbPtSPpSide150HFPb,pPb,150,185,0.3,6,-2.4,-2,cm,HFPb,2,0,SP,Pt,kRed,25,1.4,This Report
pPbPtSPpSide185HFPb,pPb,185,220,0.3,6,-2.4,-2,cm,HFPb,2,0,SP,Pt,kRed,25,1.4,This Report
pPbPtSPpSide220HFPb,pPb,220,260,0.3,6,-2.4,-2,cm,HFPb,2,0,SP,Pt,kRed,25,1.4,This Report
pPbPtSPpSide260HFPb,pPb,260,300,0.3,6,-2.4,-2,cm,HFPb,2,0,SP,Pt,kRed,25,1.4,This Report
pPbPtSPPbSide120HFp,pPb,120,150,0.3,6,1.2,1.6,cm,HFp,2,0,SP,Pt,kBlue,25,1.4,This Report
pPbPtSPPbSide150HFp,pPb,150,185,0.3,6,1.2,1.6,cm,HFp,2,0,SP,Pt,kBlue,25,1.4,This Report
pPbPtSPPbSide185HFp,pPb,185,220,0.3,6,1.2,1.6,cm,HFp,2,0,SP,Pt,kBlue,25,1.4,This Report
pPbPtSPPbSide220HFp,pPb,220,260,0.3,6,1.2,1.6,cm,HFp,2,0,SP,Pt,kBlue,25,1.4,This Report
pPbPtSPPbSide260HFp,pPb,260,300,0.3,6,1.2,1.6,cm,HFp,2,0,SP,Pt,kBlue,25,1.4,This Report
pPbPtSPPbSide120HFPb,pPb,120,150,0.3,6,1.2,1.6,cm,HFPb,2,0,SP,Pt,kRed,25,1.4,This Report
pPbPtSPPbSide150HFPb,pPb,150,185,0.3,6,1.2,1.6,cm,HFPb,2,0,SP,Pt,kRed,25,1.4,This Report
pPbPtSPPbSide185HFPb,pPb,185,220,0.3,6,1.2,1.6,cm,HFPb,2,0,SP,Pt,kRed,25,1.4,This Report
pPbPtSPPbSide220HFPb,pPb,220,260,0.3,6,1.2,1.6,cm,HFPb,2,0,SP,Pt,kRed,25,1.4,This Report
pPbPtSPPbSide260HFPb,pPb,260,300,0.3,6,1.2,1.6,cm,HFPb,2,0,SP,Pt,kRed,25,1.4,This Report
pPbPtSPpSide120HFpPOI,pPb,120,150,0.3,6,-2.4,-2,cm,HFp,2,POI,SP,Pt,kBlue,21,1.4,This Report
pPbPtSPpSide150HFpPOI,pPb,150,185,0.3,6,-2.4,-2,cm,HFp,2,POI,SP,Pt,kBlue,21,1.4,This Report
pPbPtSPpSide185HFpPOI,pPb,185,220,0.3,6,-2.4,-2,cm,HFp,2,POI,SP,Pt,kBlue,21,1.4,This Report
pPbPtSPpSide220HFpPOI,pPb,220,260,0.3,6,-2.4,-2,cm,HFp,2,POI,SP,Pt,kBlue,21,1.4,This Report
pPbPtSPpSide260HFpPOI,pPb,260,300,0.3,6,-2.4,-2,cm,HFp,2,POI,SP,Pt,kBlue,21,1.4,This Report
pPbPtSPpSide120HFPbPOI,pPb,120,150,0.3,6,-2.4,-2,cm,HFPb,2,POI,SP,Pt,kRed,21,1.4,This Report
pPbPtSPpSide150HFPbPOI,pPb,150,185,0.3,6,-2.4,-2,cm,HFPb,2,POI,SP,Pt,kRed,21,1.4,This Report
pPbPtSPpSide185HFPbPOI,pPb,185,220,0.3,6,-2.4,-2,cm,HFPb,2,POI,SP,Pt,kRed,21,1.4,This Report
pPbPtSPpSide220HFPbPOI,pPb,220,260,0.3,6,-2.4,-2,cm,HFPb,2,POI,SP,Pt,kRed,21,1.4,This Report
pPbPtSPpSide260HFPbPOI,pPb,260,300,0.3,6,-2.4,-2,cm,HFPb,2,POI,SP,Pt,kRed,21,1.4,This Report
pPbPtSPPbSide120HFpPOI,pPb,120,150,0.3,6,1.2,1.6,cm,HFp,2,POI,SP,Pt,kBlue,21,1.4,This Report
pPbPtSPPbSide150HFpPOI,pPb,150,185,0.3,6,1.2,1.6,cm,HFp,2,POI,SP,Pt,kBlue,21,1.4,This Report
pPbPtSPPbSide185HFpPOI,pPb,185,220,0.3,6,1.2,1.6,cm,HFp,2,POI,SP,Pt,kBlue,21,1.4,This Report
pPbPtSPPbSide220HFpPOI,pPb,220,260,0.3,6,1.2,1.6,cm,HFp,2,POI,SP,Pt,kBlue,21,1.4,This Report
pPbPtSPPbSide260HFpPOI,pPb,260,300,0.3,6,1.2,1.6,cm,HFp,2,POI,SP,Pt,kBlue,21,1.4,This Report
pPbPtSPPbSide120HFPbPOI,pPb,120,150,0.3,6,1.2,1.6,cm,HFPb,2,POI,SP,Pt,kRed,21,1.4,This Report
pPbPtSPPbSide150HFPbPOI,pPb,150,185,0.3,6,1.2,1.6,cm,HFPb,2,POI,SP,Pt,kRed,21,1.4,This Report
pPbPtSPPbSide185HFPbPOI,pPb,185,220,0.3,6,1.2,1.6,cm,HFPb,2,POI,SP,Pt,kRed,21,1.4,This Report
pPbPtSPPbSide220HFPbPOI,pPb,220,260,0.3,6,1.2,1.6,cm,HFPb,2,POI,SP,Pt,kRed,21,1.4,This Report
pPbPtSPPbSide260HFPbPOI,pPb,260,300,0.3,6,1.2,1.6,cm,HFPb,2,POI,SP,Pt,kRed,21,1.4,This Report
pPbPtSPMid120HFpv3,pPb,120,150,0.3,6,-0.8,0.8,lab,HFp,3,0,SP,Pt,kRed,20,1.4,This Report
pPbPtSPMid150HFpv3,pPb,150,185,0.3,6,-0.8,0.8,lab,HFp,3,0,SP,Pt,kRed,20,1.4,This Report
pPbPtSPMid185HFpv3,pPb,185,220,0.3,6,-0.8,0.8,lab,HFp,3,0,SP,Pt,kRed,20,1.4,This Report
pPbPtSPMid220HFpv3,pPb,220,260,0.3,6,-0.8,0.8,lab,HFp,3,0,SP,Pt,kRed,20,1.4,This Report
pPbPtSPMid260HFpv3,pPb,260,300,0.3,6,-0.8,0.8,lab,HFp,3,0,SP,Pt,kRed,20,1.4,This Report
pPbPtSPMid120HFPbv3,pPb,120,150,0.3,6,-0.8,0.8,lab,HFPb,3,0,SP,Pt,kRed,20,1.4,This Report
pPbPtSPMid150HFPbv3,pPb,150,185,0.3,6,-0.8,0.8,lab,HFPb,3,0,SP,Pt,kRed,20,1.4,This Report
pPbPtSPMid185HFPbv3,pPb,185,220,0.3,6,-0.8,0.8,lab,HFPb,3,0,SP,Pt,kRed,20,1.4,This Report
pPbPtSPMid220HFPbv3,pPb,220,260,0.3,6,-0.8,0.8,lab,HFPb,3,0,SP,Pt,kRed,20,1.4,This Report
pPbPtSPMid260HFPbv3,pPb,260,300,0.3,6,-0.8,0.8,lab,HFPb,3,0,SP,Pt,kRed,20,1.4,This Report
pPbPtSPMid120HFpPOIv3,pPb,120,150,0.3,6,-0.8,0.8,lab,HFp,3,POI,SP,Pt,kBlue,20,1.4,This Report
pPbPtSPMid150HFpPOIv3,pPb,150,185,0.3,6,-0.8,0.8,lab,HFp,3,POI,SP,Pt,kBlue,20,1.4,This Report
pPbPtSPMid185HFpPOIv3,pPb,185,220,0.3,6,-0.8,0.8,lab,HFp,3,POI,SP,Pt,kBlue,20,1.4,This Report
pPbPtSPMid220HFpPOIv3,pPb,220,260,0.3,6,-0.8,0.8,lab,HFp,3,POI,SP,Pt,kBlue,20,1.4,This Report
pPbPtSPMid260HFpPOIv3,pPb,260,300,0.3,6,-0.8,0.8,lab,HFp,3,POI,SP,Pt,kBlue,20,1.4,This Report
pPbPtSPMid120HFPbPOIv3,pPb,120,150,0.3,6,-0.8,0.8,lab,HFPb,3,POI,SP,Pt,kBlue,20,1.4,This Report
pPbPtSPMid150HFPbPOIv3,pPb,150,185,0.3,6,-0.8,0.8,lab,HFPb,3,POI,SP,Pt,kBlue,20,1.4,This Report
pPbPtSPMid185HFPbPOIv3,pPb,185,220,0.3,6,-0.8,0.8,lab,HFPb,3,POI,SP,Pt,kBlue,20,1.4,This Report
pPbPtSPMid220HFPbPOIv3,pPb,220,260,0.3,6,-0.8,0.8,lab,HFPb,3,POI,SP,Pt,kBlue,20,1.4,This Report
pPbPtSPMid260HFPbPOIv3,pPb,260,300,0.3,6,-0.8,0.8,lab,HFPb,3,POI,SP,Pt,kBlue,20,1.4,This Report
pPbPtSPpSide120HFpv3,pPb,120,150,0.3,6,-2.4,-2,cm,HFp,3,0,SP,Pt,kRed,24,1.4,This Report
pPbPtSPpSide150HFpv3,pPb,150,185,0.3,6,-2.4,-2,cm,HFp,3,0,SP,Pt,kRed,24,1.4,This Report
pPbPtSPpSide185HFpv3,pPb,185,220,0.3,6,-2.4,-2,cm,HFp,3,0,SP,Pt,kRed,24,1.4,This Report
pPbPtSPpSide220HFpv3,pPb,220,260,0.3,6,-2.4,-2,cm,HFp,3,0,SP,Pt,kRed,24,1.4,This Report
pPbPtSPpSide260HFpv3,pPb,260,300,0.3,6,-2.4,-2,cm,HFp,3,0,SP,Pt,kRed,24,1.4,This Report
pPbPtSPpSide120HFPbv3,pPb,120,150,0.3,6,-2.4,-2,cm,HFPb,3,0,SP,Pt,kRed,24,1.4,This Report
pPbPtSPpSide150HFPbv3,pPb,150,185,0.3,6,-2.4,-2,cm,HFPb,3,0,SP,Pt,kRed,24,1.4,This Report
pPbPtSPpSide185HFPbv3,pPb,185,220,0.3,6,-2.4,-2,cm,HFPb,3,0,SP,Pt,kRed,24,1.4,This Report
pPbPtSPpSide220HFPbv3,pPb,220,260,0.3,6,-2.4,-2,cm,HFPb,3,0,SP,Pt,kRed,24,1.4,This Report
pPbPtSPpSide260HFPbv3,pPb,260,300,0.3,6,-2.4,-2,cm,HFPb,3,0,SP,Pt,kRed,24,1.4,This Report
pPbPtSPPbSide120HFpv3,pPb,120,150,0.3,6,1.2,1.6,cm,HFp,3,0,SP,Pt,kRed,24,1.4,This Report
pPbPtSPPbSide150HFpv3,pPb,150,185,0.3,6,1.2,1.6,cm,HFp,3,0,SP,Pt,kRed,24,1.4,This Report
pPbPtSPPbSide185HFpv3,pPb,185,220,0.3,6,1.2,1.6,cm,HFp,3,0,SP,Pt,kRed,24,1.4,This Report
pPbPtSPPbSide220HFpv3,pPb,220,260,0.3,6,1.2,1.6,cm,HFp,3,0,SP,Pt,kRed,24,1.4,This Report
pPbPtSPPbSide260HFpv3,pPb,260,300,0.3,6,1.2,1.6,cm,HFp,3,0,SP,Pt,kRed,24,1.4,This Report
pPbPtSPPbSide120HFPbv3,pPb,120,150,0.3,6,1.2,1.6,cm,HFPb,3,0,SP,Pt,kRed,24,1.4,This Report
pPbPtSPPbSide150HFPbv3,pPb,150,185,0.3,6,1.2,1.6,cm,HFPb,3,0,SP,Pt,kRed,24,1.4,This Report
pPbPtSPPbSide185HFPbv3,pPb,185,220,0.3,6,1.2,1.6,cm,HFPb,3,0,SP,Pt,kRed,24,1.4,This Report
pPbPtSPPbSide220HFPbv3,pPb,220,260,0.3,6,1.2,1.6,cm,HFPb,3,0,SP,Pt,kRed,24,1.4,This Report
pPbPtSPPbSide260HFPbv3,pPb,260,300,0.3,6,1.2,1.6,cm,HFPb,3,0,SP,Pt,kRed,24,1.4,This Report
pPbPtSPpSide120HFpPOIv3,pPb,120,150,0.3,6,-2.4,-2,cm,HFp,3,POI,SP,Pt,kRed,20,1.4,This Report
pPbPtSPpSide150HFpPOIv3,pPb,150,185,0.3,6,-2.4,-2,cm,HFp,3,POI,SP,Pt,kRed,20,1.4,This Report
pPbPtSPpSide185HFpPOIv3,pPb,185,220,0.3,6,-2.4,-2,cm,HFp,3,POI,SP,Pt,kRed,20,1.4,This Report
pPbPtSPpSide220HFpPOIv3,pPb,220,260,0.3,6,-2.4,-2,cm,HFp,3,POI,SP,Pt,kRed,20,1.4,This Report
pPbPtSPpSide260HFpPOIv3,pPb,260,300,0.3,6,-2.4,-2,cm,HFp,3,POI,SP,Pt,kRed,20,1.4,This Report
pPbPtSPpSide120HFPbPOIv3,pPb,120,150,0.3,6,-2.4,-2,cm,HFPb,3,POI,SP,Pt,kRed,20,1.4,This Report
pPbPtSPpSide150HFPbPOIv3,pPb,150,185,0.3,6,-2.4,-2,cm,HFPb,3,POI,SP,Pt,kRed,20,1.4,This Report
pPbPtSPpSide185HFPbPOIv3,pPb,185,220,0.3,6,-2.4,-2,cm,HFPb,3,POI,SP,Pt,kRed,20,1.4,This Report
pPbPtSPpSide220HFPbPOIv3,pPb,220,260,0.3,6,-2.4,-2,cm,HFPb,3,POI,SP,Pt,kRed,20,1.4,This Report
pPbPtSPpSide260HFPbPOIv3,pPb,260,300,0.3,6,-2.4,-2,cm,HFPb,3,POI,SP,Pt,kRed,20,1.4,This Report
pPbPtSPPbSide120HFpPOIv3,pPb,120,150,0.3,6,1.2,1.6,cm,HFp,3,POI,SP,Pt,kRed,20,1.4,This Report
pPbPtSPPbSide150HFpPOIv3,pPb,150,185,0.3,6,1.2,1.6,cm,HFp,3,POI,SP,Pt,kRed,20,1.4,This Report
pPbPtSPPbSide185HFpPOIv3,pPb,185,220,0.3,6,1.2,1.6,cm,HFp,3,POI,SP,Pt,kRed,20,1.4,This Report
pPbPtSPPbSide220HFpPOIv3,pPb,220,260,0.3,6,1.2,1.6,cm,HFp,3,POI,SP,Pt,kRed,20,1.4,This Report
pPbPtSPPbSide260HFpPOIv3,pPb,260,300,0.3,6,1.2,1.6,cm,HFp,3,POI,SP,Pt,kRed,20,1.4,This Report
pPbPtSPPbSide120HFPbPOIv3,pPb,120,150,0.3,6,1.2,1.6,cm,HFPb,3,POI,SP,Pt,kRed,20,1.4,This Report
pPbPtSPPbSide150HFPbPOIv3,pPb,150,185,0.3,6,1.2,1.6,cm,HFPb,3,POI,SP,Pt,kRed,20,1.4,This Report
pPbPtSPPbSide185HFPbPOIv3,pPb,185,220,0.3,6,1.2,1.6,cm,HFPb,3,POI,SP,Pt,kRed,20,1.4,This Report
pPbPtSPPbSide220HFPbPOIv3,pPb,220,260,0.3,6,1.2,1.6,cm,HFPb,3,POI,SP,Pt,kRed,20,1.4,This Report
pPbPtSPPbSide260HFPbPOIv3,pPb,260,300,0.3,6,1.2,1.6,cm,HFPb,3,POI,SP,Pt,kRed,20,1.4,This Report